AOIID,Name,Type,CenterX,CenterY,Area,CreateTime,UpdateTime,geometry
G00AOI000001XXQF,泉城公园,3320,117.019925,36.645126,424455.0628,2015/7/21 20:11,2021/8/4 18:00,"POLYGON ((117.02434301333334 36.64577899222222, 117.02431101333333 36.645334992222224, 117.02427901333334 36.64489099222222, 117.02410701333334 36.642798992222225, 117.02410201333333 36.642750992222226, 117.02409201333333 36.642719992222226, 117.02407501333333 36.642686992222224, 117.02405801333333 36.64267399222222, 117.02403701333333 36.642661992222216, 117.02399401333334 36.64265199222222, 117.02391801333333 36.64264799222222, 117.01522001333335 36.64268399222222, 117.01487301333331 36.642709992222215, 117.01453401333332 36.64275199222222, 117.01448701333332 36.64276099222222, 117.01443801333332 36.64277899222222, 117.01368401333335 36.64302799222222, 117.01366801333333 36.64304499222222, 117.01365501333332 36.64306099222222, 117.01364701333333 36.64308199222222, 117.01364501333333 36.64310199222222, 117.01395601333333 36.64435799222222, 117.01397801333333 36.64447699222222, 117.01399101333334 36.644602992222225, 117.01403301333333 36.64540299222222, 117.01404001333334 36.64542899222222, 117.01405801333334 36.64544999222222, 117.01408501333334 36.645464992222216, 117.01413101333333 36.645475992222224, 117.01720901333333 36.64540699222222, 117.01724101333332 36.64540999222222, 117.01727301333332 36.645413992222224, 117.01731001333333 36.64544099222222, 117.01733101333333 36.645483992222225, 117.01738801333332 36.64606699222222, 117.01740801333334 36.64610999222222, 117.01744001333333 36.646131992222216, 117.01747101333332 36.64614899222222, 117.01757601333333 36.646167992222225, 117.01760701333333 36.64618899222222, 117.01763801333333 36.646235992222216, 117.01766901333333 36.64672899222222, 117.01768901333332 36.646756992222215, 117.01771301333333 36.64678499222222, 117.01773601333332 36.646804992222215, 117.01777001333332 36.646823992222224, 117.01873501333334 36.64728599222222, 117.01878201333334 36.64733699222222, 117.01882901333335 36.64739699222222, 117.01890301333333 36.64750099222222, 117.01897201333334 36.64762199222222, 117.01898501333332 36.64764699222223, 117.01898701333334 36.64765399222222, 117.01894801333333 36.64828399222222, 117.01894901333333 36.64830099222222, 117.01895401333333 36.64831099222222, 117.01896101333334 36.648318992222215, 117.01896901333333 36.64832599222222, 117.01904801333333 36.64833399222222, 117.02436501333334 36.64828899222223, 117.02440701333333 36.64828299222222, 117.02444601333333 36.64827399222222, 117.02450001333332 36.64823999222222, 117.02453801333331 36.64820499222222, 117.02456901333333 36.64816799222223, 117.02458501333332 36.64813499222222, 117.02459301333333 36.648103992222225, 117.02434301333334 36.64577899222222))"
G00AOI00001N5X9A,燕子山,3310,117.061022,36.643659,320045.3175,2024/8/3 17:41,2024/8/3 17:41,"POLYGON ((117.06298001333334 36.64377099222222, 117.06333901333333 36.64362499222222, 117.06338373555556 36.64362543666667, 117.06385501333332 36.643629992222216, 117.06402101333335 36.64358599222222, 117.06401265222222 36.64336449222222, 117.06400890222221 36.64326524222222, 117.06400745777779 36.64322674222222, 117.06399801333333 36.642975992222226, 117.06382901333333 36.64296899222222, 117.06372101333332 36.64270099222222, 117.06366401333332 36.64263799222222, 117.06352401333334 36.64240999222222, 117.06334162444443 36.64224504777778, 117.06323101333332 36.64214499222222, 117.06261801333333 36.64205899222222, 117.06259801333334 36.641659992222216, 117.06263401333334 36.641630992222225, 117.06282001333334 36.64158399222222, 117.06308101333333 36.64155299222222, 117.06324901333335 36.641299992222216, 117.06331801333332 36.64118499222222, 117.06334901333334 36.64088999222222, 117.06325701333333 36.64042199222222, 117.06310301333333 36.64005799222222, 117.06281401333332 36.63965499222222, 117.06275201333334 36.63941799222223, 117.06252601333333 36.639343992222216, 117.06242101333333 36.639457992222226, 117.06206501333334 36.63938099222222, 117.06124101333333 36.639218992222226, 117.06025101333333 36.63897599222222, 117.06011901333333 36.63949899222222, 117.06034401333334 36.63957699222222, 117.06034501333333 36.63978499222222, 117.06026201333333 36.64033499222222, 117.06027801333333 36.640572992222225, 117.06030401333332 36.64079999222222, 117.06032601333334 36.640927992222224, 117.06033401333332 36.64100799222222, 117.06032501333333 36.64113899222222, 117.06028401333334 36.64122599222222, 117.06022401333334 36.64125099222222, 117.05867701333334 36.64123599222222, 117.05856801333333 36.641234992222216, 117.05841301333334 36.641299992222216, 117.05802801333333 36.641917992222226, 117.05802601333332 36.64229799222222, 117.05807801333334 36.64279999222222, 117.05804701333332 36.64312399222222, 117.05806701333333 36.64331299222222, 117.05811301333334 36.643859992222225, 117.05813301333333 36.64418999222222, 117.05850501333335 36.64434899222222, 117.05875101333332 36.64438399222222, 117.05896001333332 36.644704992222216, 117.05918601333333 36.64495099222222, 117.05924501333334 36.64510599222222, 117.05929001333334 36.64538999222222, 117.05926101333333 36.64550599222222, 117.05904101333331 36.645739992222225, 117.05863001333333 36.646020992222226, 117.05805701333334 36.64649999222222, 117.05806301333334 36.64687499222222, 117.05845201333334 36.64699399222222, 117.05880584666667 36.64699890888889, 117.06017501333334 36.647017992222224, 117.06038001333334 36.647056992222225, 117.06052501333335 36.64720699222222, 117.06068501333334 36.647693992222216, 117.06238701333334 36.647751992222226, 117.06365401333333 36.64721399222223, 117.06387501333333 36.646947992222216, 117.06404101333332 36.64632799222222, 117.06389301333334 36.64611299222222, 117.06377201333333 36.64597199222222, 117.06354301333333 36.64583199222222, 117.06334401333332 36.64575899222222, 117.06284301333334 36.64564499222222, 117.06250201333333 36.64508099222222, 117.06211501333333 36.64476699222222, 117.06224851333333 36.64437888111111, 117.06233001333334 36.64414199222222, 117.06257387444445 36.64400279777778, 117.06298001333334 36.64377099222222))"
G00AOI0000022H69,山东大学(趵突泉校区),3410,117.017825,36.652128,318258.0317,2015/6/30 10:44,2025/8/21 9:10,"POLYGON ((117.01967901333332 36.65520599222222, 117.01974201333334 36.65466599222223, 117.02013201333334 36.65469299222222, 117.02101301333333 36.65471699222222, 117.02103901333334 36.654179992222225, 117.02099401333334 36.65417899222222, 117.02109501333334 36.65237999222222, 117.02090001333333 36.65237499222223, 117.02090701333333 36.65135799222222, 117.02092301333333 36.651298992222216, 117.02096801333333 36.65128999222222, 117.02096401333334 36.650687992222224, 117.02097901333333 36.65049999222222, 117.02099001333335 36.64987799222222, 117.02099365222223 36.649546047777775, 117.02099401333334 36.649511992222216, 117.02087701333335 36.64950899222222, 117.02088601333334 36.64892599222222, 117.01998759666667 36.648911131111106, 117.01973701333333 36.64890699222222, 117.01969901333334 36.64974899222222, 117.01650801333334 36.64971999222222, 117.01649843 36.64902629777778, 117.01649701333334 36.648922992222225, 117.01480001333333 36.64896399222222, 117.01474901333333 36.64897199222222, 117.01473201333333 36.648984992222225, 117.01473201333333 36.649088992222225, 117.01473001333332 36.649632992222216, 117.01472701333334 36.64988699222222, 117.01472656888889 36.65000849222222, 117.01472201333333 36.65125599222222, 117.01470301333333 36.65178499222222, 117.01463701333333 36.65290099222222, 117.01448401333334 36.65451799222222, 117.01524001333333 36.654552992222214, 117.01525001333333 36.65448699222222, 117.01554101333332 36.65452199222222, 117.01550001333334 36.65478299222222, 117.01655201333332 36.65489999222223, 117.01791401333334 36.65504599222222, 117.01967901333332 36.65520599222222))"
G00AOI000001X5RZ,山东师范大学(千佛山校区),3410,117.041504,36.651962,317657.792,2015/7/21 20:11,2025/8/20 16:10,"POLYGON ((117.04039201333333 36.65457699222222, 117.04149201333333 36.65456399222222, 117.04149401333333 36.65481399222222, 117.04471301333332 36.65480099222222, 117.04475101333333 36.65477799222222, 117.04476901333332 36.65474199222222, 117.04473101333333 36.65300699222222, 117.04475201333332 36.65153899222222, 117.04473501333334 36.64993399222222, 117.04472301333334 36.649564992222224, 117.04471601333333 36.64955099222222, 117.04470401333333 36.64954399222222, 117.04334401333332 36.64957399222222, 117.04329401333332 36.64956699222222, 117.04327901333333 36.64955399222222, 117.04325801333333 36.648839992222214, 117.04250701333333 36.64883799222222, 117.04250676333332 36.64892735333333, 117.04250501333333 36.649584992222216, 117.04137601333333 36.64957199222222, 117.04136979111111 36.64888554777778, 117.04136901333334 36.64879899222222, 117.04036701333334 36.64878399222222, 117.04034801333334 36.648787992222225, 117.04034101333333 36.64879899222222, 117.03978701333334 36.64881999222222, 117.03964501333333 36.64904599222222, 117.03956701333334 36.649204992222224, 117.03950101333334 36.64924499222222, 117.03942301333332 36.649339992222224, 117.03936401333333 36.64982299222222, 117.03913301333333 36.649820992222224, 117.03913201333334 36.65003899222222, 117.03912001333332 36.65007099222222, 117.03909201333333 36.65009699222222, 117.03907568 36.65010202, 117.03902568 36.65011740888888, 117.03897501333333 36.650132992222225, 117.03890201333333 36.65023999222222, 117.03847001333332 36.650219992222226, 117.03846401333334 36.650617992222216, 117.03843801333333 36.65063099222222, 117.03839801333334 36.65065099222222, 117.03743801333333 36.65064399222222, 117.03777701333334 36.65301999222222, 117.03781001333333 36.65304799222223, 117.03961201333334 36.65304599222222, 117.03960301333333 36.65414299222222, 117.03891101333332 36.654135992222216, 117.03891081888888 36.65415849222222, 117.03890901333332 36.654357992222224, 117.03889101333334 36.65435699222222, 117.03889101333334 36.65443699222222, 117.03880301333334 36.65443299222222, 117.03880501333333 36.65448199222222, 117.03868101333333 36.65448599222222, 117.03810701333332 36.65446099222222, 117.03810501333332 36.65474799222223, 117.03812801333332 36.654810992222224, 117.03820501333333 36.65482899222222, 117.03920509666666 36.65481579777777, 117.04040201333332 36.654799992222216, 117.04039201333333 36.65457699222222))"
G00AOI00001MVSMK,燕山立交低线公园,3320,117.07159,36.651418,226612.8863,2024/7/16 12:01,2025/7/12 14:20,"POLYGON ((117.07432101333333 36.65205999222222, 117.07529601333333 36.65202699222222, 117.07890101333334 36.65231899222223, 117.07902945777776 36.65165385333333, 117.07903001333332 36.65165099222222, 117.0780948188889 36.651528436666666, 117.07601601333333 36.65125599222222, 117.07537723555556 36.651163742222224, 117.07501201333332 36.65111099222222, 117.07411201333333 36.65085699222222, 117.07402901333333 36.65084799222222, 117.07393501333333 36.65091099222222, 117.07379401333333 36.650878992222225, 117.07359701333333 36.650844992222225, 117.07357118 36.65084449222223, 117.07338901333333 36.65084099222222, 117.07322301333333 36.65085199222222, 117.07299901333333 36.650870992222224, 117.07277601333334 36.65091399222222, 117.07254701333333 36.65091999222222, 117.07224701333334 36.65084199222222, 117.07193301333332 36.65064999222222, 117.07170101333332 36.650417992222216, 117.07133401333333 36.64966199222222, 117.07109301333334 36.64902899222222, 117.07086101333333 36.648422992222216, 117.07057001333332 36.64765799222222, 117.06976201333332 36.64774799222222, 117.06962101333333 36.64743499222222, 117.06954701333332 36.64743599222222, 117.06957401333334 36.64789299222222, 117.06954401333333 36.64909099222222, 117.06955001333334 36.65005599222222, 117.06938306888888 36.65012707555556, 117.06924701333334 36.65018499222222, 117.06859201333333 36.650474992222215, 117.06832601333333 36.65055099222222, 117.06744301333333 36.65053799222222, 117.06614434666666 36.65044282555555, 117.06595773555556 36.650428992222224, 117.06543701333334 36.65039099222222, 117.06535101333333 36.65109199222222, 117.06661012444445 36.651203603333336, 117.0669637911111 36.65123496444444, 117.06768601333333 36.651298992222216, 117.06826401333333 36.65141599222222, 117.06854940222222 36.65152104777778, 117.06875301333332 36.65159599222222, 117.06885101333333 36.65157799222222, 117.06932401333334 36.651832992222225, 117.06926601333333 36.65190399222222, 117.06978001333333 36.65227399222222, 117.07019601333333 36.65274899222222, 117.07045665222222 36.653153520000004, 117.07054201333334 36.653285992222216, 117.07069701333333 36.65354599222222, 117.07078201333333 36.653780992222224, 117.07078673555554 36.65434171444445, 117.07078973555556 36.65469763111111, 117.07079001333334 36.65472999222222, 117.07089309666667 36.65472863111111, 117.07247001333333 36.65470799222222, 117.07247501333333 36.65366899222222, 117.07260901333333 36.65326399222222, 117.07265143000001 36.65319613111111, 117.07291901333332 36.65276799222222, 117.07310901333332 36.65249899222222, 117.07338301333334 36.65233299222222, 117.07370048555555 36.652208242222216, 117.07383601333333 36.65215499222222, 117.07432101333333 36.65205999222222))"
G00AOI000001X5RE,山东大学(千佛山校区)北院,3410,117.028572,36.651159,188661.1492,2015/7/21 20:11,2023/9/5 14:52,"POLYGON ((117.02783601333333 36.65380999222222, 117.02789201333333 36.65330999222222, 117.02985001333333 36.65347999222222, 117.02989801333332 36.65344999222222, 117.02996601333334 36.65305299222222, 117.02998101333334 36.65304499222222, 117.03052501333335 36.65309899222222, 117.03057301333332 36.65307299222222, 117.03091601333333 36.651455992222225, 117.03111501333333 36.65050099222222, 117.03121501333332 36.650040992222216, 117.03121501333332 36.65002599222222, 117.03120501333333 36.65001299222222, 117.03103301333333 36.64995299222222, 117.03102801333334 36.64993399222222, 117.03115101333333 36.649513992222225, 117.03067601333333 36.64947099222222, 117.03067715222222 36.649457964444444, 117.03069401333333 36.649264992222214, 117.03061093 36.649241769999996, 117.03046501333334 36.64920099222222, 117.03044201333333 36.64881299222222, 117.02986101333333 36.64880899222222, 117.02924701333333 36.64881199222222, 117.02801901333333 36.64881399222222, 117.02651201333333 36.64881999222222, 117.02646701333333 36.649841992222214, 117.02643501333333 36.65130499222222, 117.02637301333333 36.65199599222222, 117.02628501333332 36.65265999222222, 117.02626801333332 36.652973992222215, 117.02617601333333 36.65368699222222, 117.02783601333333 36.65380999222222))"
G00AOI000006MXPP,历山名郡,3110,117.034042,36.650938,95428.63868,2021/8/30 8:50,2021/9/2 17:41,"POLYGON ((117.03734301333334 36.65381599222222, 117.03720401333332 36.65316499222222, 117.03714501333333 36.65273999222222, 117.03691201333334 36.65132999222222, 117.03664401333333 36.649907992222225, 117.03596201333333 36.64992299222222, 117.03575201333332 36.64995699222222, 117.03569801333333 36.64997199222223, 117.03567701333333 36.64999899222222, 117.03565801333332 36.65003899222222, 117.03565401333333 36.65008599222222, 117.03565101333332 36.65023299222222, 117.03537601333333 36.65028799222222, 117.03538701333332 36.650515992222225, 117.03542101333333 36.650513992222216, 117.03552101333332 36.65095399222222, 117.03414501333333 36.65093399222222, 117.03413301333332 36.65054499222222, 117.03139301333334 36.65038499222222, 117.03122701333334 36.65102699222222, 117.03103701333335 36.651841992222224, 117.03072201333332 36.653389992222216, 117.03073001333333 36.65362099222222, 117.03192101333332 36.653746992222224, 117.03194901333333 36.65374899222222, 117.03197601333333 36.65373299222222, 117.03199901333335 36.65370999222222, 117.03196701333334 36.65363099222222, 117.03198201333333 36.65350199222222, 117.03215901333334 36.65215799222222, 117.03232101333334 36.65120099222222, 117.03304001333335 36.65125199222222, 117.03568501333334 36.65147399222222, 117.03571501333333 36.65158999222223, 117.03585101333334 36.65197199222222, 117.03586801333333 36.65233799222222, 117.03586301333333 36.65241099222222, 117.03580401333333 36.65271499222222, 117.03579301333333 36.65299599222222, 117.03576401333332 36.65316699222222, 117.03577601333333 36.65324199222222, 117.03654301333333 36.653239992222225, 117.03670401333333 36.65322899222222, 117.03681201333332 36.653976992222226, 117.03736301333333 36.65395299222222, 117.03734301333334 36.65381599222222))"
G00AOI000001X5SS,山东省中医院(东院区),3610,117.04642,36.650617,91756.1477,2015/7/21 20:11,2025/8/15 9:40,"POLYGON ((117.04775701333332 36.64881299222222, 117.04650101333333 36.648810992222224, 117.04511801333334 36.64883199222222, 117.04507501333333 36.64883699222222, 117.04506601333334 36.648840992222226, 117.04504001333333 36.64886199222222, 117.04502901333332 36.64887799222222, 117.04502501333333 36.648905992222225, 117.04498401333332 36.65009299222222, 117.04504601333332 36.65130199222222, 117.04506801333333 36.65240299222222, 117.04507501333333 36.65242599222222, 117.04508801333333 36.65243799222222, 117.04511301333334 36.65244499222222, 117.04753601333333 36.652421992222216, 117.04781201333333 36.65241199222222, 117.04781401333332 36.65089599222222, 117.04781901333332 36.65041299222222, 117.04782201333333 36.64959699222222, 117.04781001333333 36.64911499222222, 117.04779901333333 36.648847992222215, 117.04779501333333 36.648835992222224, 117.04778101333333 36.64882099222222, 117.04777501333334 36.64881599222222, 117.04775701333332 36.64881299222222))"
G00AOI0000067OSY,齐鲁工业大学(千佛山校区),3410,117.047837,36.642907,90955.61421,2018/11/28 11:10,2023/10/10 16:17,"POLYGON ((117.04903001333334 36.64421499222222, 117.04906601333334 36.64390699222222, 117.04911001333333 36.64390599222222, 117.04917601333332 36.64358799222222, 117.04922401333333 36.643232992222224, 117.04929001333335 36.64293399222222, 117.04926001333334 36.642919992222225, 117.04940701333334 36.642484992222215, 117.04949701333332 36.64212199222222, 117.04965401333332 36.64148999222222, 117.04949801333332 36.64063299222222, 117.04931001333333 36.64061599222222, 117.04932901333332 36.640506992222214, 117.04839501333332 36.64044299222222, 117.04809401333333 36.64045099222222, 117.04807301333332 36.640868992222224, 117.04775601333334 36.64087599222223, 117.04773601333332 36.64144999222222, 117.04773601333332 36.64176299222222, 117.04819001333333 36.64178399222222, 117.04819801333333 36.64181499222222, 117.04816601333333 36.642661992222216, 117.04813701333333 36.64269899222222, 117.04806301333333 36.64273899222222, 117.04793801333334 36.64274699222222, 117.04692901333333 36.64274499222222, 117.04627201333334 36.64275199222222, 117.04627501333333 36.642697992222224, 117.04573201333332 36.64269699222222, 117.04573201333332 36.64296999222222, 117.04542701333332 36.642961992222226, 117.04530101333334 36.643139992222224, 117.04529362444444 36.64315988111111, 117.04525201333334 36.643271992222225, 117.04525201333334 36.64345199222222, 117.04490401333334 36.64344799222223, 117.04491001333334 36.644138992222224, 117.04637701333333 36.64411799222222, 117.04695151333334 36.64411693666666, 117.04802801333332 36.64411499222222, 117.04802101333333 36.645329992222216, 117.04845801333335 36.64533599222222, 117.04848001333332 36.644988992222224, 117.04891501333333 36.64497699222222, 117.04893001333333 36.64469399222222, 117.04897701333331 36.644600992222216, 117.04903001333334 36.64421499222222))"
G00AOI0000024EDV,山东大厦,3930,117.022173,36.640724,87291.1095,2015/7/21 20:11,2021/8/18 6:35,"POLYGON ((117.02405901333333 36.64169699222222, 117.02405001333332 36.64167199222222, 117.02403101333333 36.64164399222222, 117.02401201333333 36.64161499222222, 117.02393001333333 36.64153399222222, 117.02390401333332 36.641501992222224, 117.02388001333334 36.641470992222224, 117.02320901333333 36.64019699222222, 117.02279901333333 36.639387992222225, 117.02236401333333 36.63868699222222, 117.02233501333333 36.638664992222225, 117.02230501333332 36.63864299222222, 117.02228201333332 36.63862999222222, 117.02226001333332 36.63861599222222, 117.02222001333332 36.63859999222222, 117.02219201333332 36.63859199222222, 117.02215601333333 36.63858199222222, 117.02213101333334 36.63857699222223, 117.02210201333332 36.63857499222222, 117.02126801333333 36.63861099222222, 117.02122501333334 36.638614992222216, 117.02118501333332 36.638623992222215, 117.02113601333332 36.63863799222222, 117.02109201333333 36.63865499222222, 117.02105501333332 36.638672992222226, 117.02102701333332 36.63869699222222, 117.02099701333333 36.638720992222225, 117.02096701333333 36.63874399222222, 117.02092501333333 36.63878799222222, 117.02088801333333 36.63883899222222, 117.02081701333334 36.63895799222222, 117.02080101333333 36.63899099222222, 117.02079101333334 36.639016992222224, 117.02077101333332 36.63905299222222, 117.02076001333333 36.63908599222222, 117.02075201333332 36.63911599222222, 117.02074401333333 36.63916899222222, 117.02074901333334 36.64163899222223, 117.02075901333333 36.641661992222225, 117.02077701333333 36.64167799222223, 117.02080401333333 36.64168599222222, 117.02084001333333 36.641686992222226, 117.02114301333333 36.64168399222222, 117.02116501333334 36.64168599222222, 117.02118701333332 36.64169199222222, 117.02119901333334 36.641707992222216, 117.02120201333332 36.641724992222215, 117.02118401333334 36.642238992222225, 117.02118501333332 36.64225399222222, 117.02119201333333 36.64226699222222, 117.02120701333334 36.64227199222222, 117.02122701333333 36.64227499222222, 117.02146501333333 36.64227699222222, 117.02148201333333 36.642278992222224, 117.02149801333333 36.64227999222222, 117.02150601333334 36.64228799222222, 117.02151401333333 36.64229699222222, 117.02151701333332 36.64233399222222, 117.02152001333333 36.64235099222223, 117.02153301333333 36.642367992222226, 117.02155701333334 36.642382992222224, 117.02158901333334 36.64239599222222, 117.02164601333332 36.64241499222222, 117.02168801333333 36.642424992222224, 117.02173301333332 36.64243499222222, 117.02177601333332 36.64244299222222, 117.02180701333334 36.64244799222222, 117.02184101333334 36.64245099222222, 117.02407301333332 36.642458992222224, 117.02408701333334 36.64245499222223, 117.02409701333333 36.64244899222222, 117.02410501333333 36.64244099222222, 117.02411001333333 36.64243099222222, 117.02408901333334 36.641808992222224, 117.02408001333333 36.641772992222215, 117.02407201333334 36.64174499222222, 117.02406901333332 36.64172299222222, 117.02405901333333 36.64169699222222))"
G00AOI000006I1U9,山东广播电视台,3480,117.022596,36.649983,83090.66381,2021/5/11 12:42,2021/5/11 12:42,"POLYGON ((117.02260320777779 36.648793936666664, 117.0225910411111 36.648793908888884, 117.02189995777778 36.648817297777775, 117.02090229111111 36.648851047777775, 117.02001495777778 36.64888107555555, 117.02000665222222 36.648883686666665, 117.01999784666667 36.64888963111111, 117.0199907911111 36.64889690888889, 117.01998770777776 36.64890363111111, 117.01998759666667 36.648911131111106, 117.01998029111111 36.64945735333333, 117.01998318 36.64946418666666, 117.01999004111111 36.649471686666665, 117.01999868 36.64947785333333, 117.02000690222224 36.649480770000004, 117.02099365222223 36.649546047777775, 117.02099612444445 36.64954621444444, 117.02100440222222 36.64954913111111, 117.02101312444445 36.64955529777778, 117.0210200411111 36.649562769999996, 117.02102290222221 36.64956965888889, 117.02101509666666 36.651339353333334, 117.02101801333333 36.65134576999999, 117.02102506888887 36.65135260333333, 117.02103387444446 36.65135802, 117.02104195777777 36.65136013111111, 117.02156976333335 36.65134324222222, 117.0229270411111 36.65129985333333, 117.02293615222223 36.651297353333334, 117.02294609666666 36.651291631111114, 117.02295459666666 36.65128454777778, 117.02295943 36.65127779777778, 117.02301256888889 36.65107021444444, 117.02301740222222 36.65106340888889, 117.0230259022222 36.651056242222225, 117.02303584666667 36.65105046444444, 117.02304493 36.65104788111111, 117.02476006888888 36.65097613111111, 117.0247680411111 36.65097343666667, 117.02477640222222 36.65096740888888, 117.02478290222223 36.65096007555556, 117.02478534666666 36.65095340888889, 117.02477520777778 36.650821881111106, 117.02475909666666 36.65061290888889, 117.02469184666667 36.64974074222222, 117.02464365222222 36.64911560333333, 117.02464220777777 36.64911238111111, 117.02464040222222 36.64910827, 117.02463318 36.64910027, 117.0246241522222 36.64909354777778, 117.02461548555556 36.649090047777776, 117.02305590222221 36.64885810333333, 117.0226445411111 36.64879693666666, 117.02263248555556 36.64879560333333, 117.02261787444444 36.648794547777776, 117.02260320777779 36.648793936666664))"
G00AOI000001X5RF,山东大学(千佛山校区)南院,3410,117.028817,36.646995,81217.34571,2015/7/21 20:11,2023/2/18 3:30,"POLYGON ((117.03182201333333 36.64699699222222, 117.03184101333333 36.64643299222222, 117.03147001333335 36.646437992222225, 117.03146801333332 36.646572992222225, 117.03007501333333 36.64658299222222, 117.03005901333333 36.64576199222222, 117.02692701333334 36.645756992222225, 117.02695401333334 36.648222992222216, 117.02962401333333 36.64819299222222, 117.03046201333332 36.64818699222222, 117.03046206888888 36.64818199222222, 117.03047012444443 36.64758629777778, 117.03047801333334 36.64700399222222, 117.03182201333333 36.64699699222222))"
G00AOI000001X5UR,山东警察学院文化东路校区,3410,117.052863,36.652949,78557.38153,2015/7/21 20:11,2020/5/13 18:35,"POLYGON ((117.05352701333332 36.65333999222222, 117.05355201333333 36.65333699222222, 117.05480401333334 36.65333999222222, 117.05481401333333 36.65333699222222, 117.05482901333333 36.65333199222222, 117.05484501333333 36.65331899222222, 117.05484901333332 36.653312992222226, 117.05485101333335 36.653294992222214, 117.05484001333333 36.65260299222222, 117.05483201333332 36.65251499222222, 117.05482601333333 36.65249499222222, 117.05481801333333 36.65248399222222, 117.05480901333333 36.65247799222222, 117.05478201333334 36.652469992222215, 117.05420701333333 36.65247599222222, 117.05417601333333 36.65247599222222, 117.05416401333333 36.65247299222222, 117.05415701333334 36.65246599222222, 117.05415301333333 36.65246099222222, 117.05413001333335 36.651292992222224, 117.05412501333333 36.65128399222222, 117.05411301333332 36.65127799222223, 117.05409401333333 36.65127699222222, 117.05180101333333 36.65131199222222, 117.05177401333333 36.65131499222222, 117.05176901333333 36.651317992222225, 117.05175801333334 36.65132299222222, 117.05175001333333 36.65133199222222, 117.05174101333333 36.65134599222222, 117.05155501333334 36.65308999222222, 117.05152601333333 36.65312499222222, 117.05147501333332 36.65352899222223, 117.05138501333333 36.654652992222225, 117.05138501333333 36.65467999222222, 117.05139201333333 36.654697992222225, 117.05139701333333 36.654705992222226, 117.05141101333332 36.654714992222225, 117.05144001333333 36.65472599222222, 117.05260001333333 36.65474299222222, 117.05345901333332 36.65475099222222, 117.05348401333333 36.654748992222224, 117.05349701333333 36.654745992222225, 117.05351101333333 36.654731992222224, 117.05351101333333 36.65470699222222, 117.05350001333333 36.65339299222222, 117.05350001333333 36.65338199222222, 117.05350301333333 36.65337099222222, 117.05350801333333 36.65335999222223, 117.05351601333334 36.65334799222222, 117.05352701333332 36.65333999222222))"
G00AOI000001XDJC,恒大帝景,3110,117.053805,36.658088,76178.03342,2015/7/21 20:11,2024/2/5 14:52,"POLYGON ((117.05495501333334 36.657810992222224, 117.05495601333334 36.657269992222226, 117.05507301333333 36.657269992222226, 117.05504301333333 36.65550199222222, 117.05478018000001 36.65549735333333, 117.05464601333334 36.65549499222222, 117.05464454111112 36.65572043666666, 117.05464401333334 36.65580099222222, 117.05359601333333 36.65580499222222, 117.05359901333333 36.657711992222225, 117.05361201333334 36.657751992222224, 117.05364401333333 36.65777599222223, 117.05368701333332 36.657788992222216, 117.05368301333333 36.65798099222222, 117.05257001333334 36.65798399222223, 117.05255701333333 36.65830499222223, 117.05210101333334 36.658311992222224, 117.05209201333332 36.65917199222222, 117.05130201333333 36.659186992222224, 117.05125201333334 36.659481992222226, 117.05130201333333 36.65960999222222, 117.05140401333333 36.65965499222222, 117.05504701333334 36.65963199222222, 117.05509501333333 36.65809099222222, 117.05495101333334 36.658088992222225, 117.05495501333334 36.657810992222224))"
G00AOI000001X5T4,山东第一医科大学第一附属医院,3610,117.042818,36.647207,66614.83483,2015/7/21 20:11,2023/8/14 3:01,"POLYGON ((117.04413101333333 36.648263992222226, 117.04413101333333 36.64798799222222, 117.04413801333334 36.64757199222222, 117.04414101333333 36.64756399222222, 117.04415101333333 36.64755899222222, 117.04416501333333 36.64755899222222, 117.04469101333335 36.64755599222222, 117.04470701333332 36.647552992222224, 117.04471601333333 36.64754699222222, 117.04472001333333 36.64753199222222, 117.04472101333333 36.64751799222222, 117.04471601333333 36.64686399222222, 117.04471101333333 36.646853992222226, 117.04469901333333 36.64684799222222, 117.04467601333334 36.64684499222222, 117.04448301333332 36.646840992222224, 117.04447101333334 36.64683899222222, 117.04446301333333 36.646831992222225, 117.04445901333334 36.64681799222222, 117.04442501333332 36.64597799222222, 117.04441701333333 36.64597099222222, 117.04440201333333 36.64596399222223, 117.04438501333333 36.64596199222222, 117.04390301333333 36.645956992222224, 117.04388301333333 36.64595199222222, 117.04387601333335 36.645942992222224, 117.04387501333332 36.64593199222222, 117.04387401333334 36.645869992222224, 117.04386701333333 36.64586299222222, 117.04385601333333 36.64585999222223, 117.04381601333334 36.645858992222216, 117.04274101333334 36.645858992222216, 117.04273301333333 36.64586299222222, 117.04272601333334 36.64587099222222, 117.04272301333333 36.64587899222222, 117.04272001333334 36.64589699222222, 117.04272201333335 36.64614499222222, 117.04272001333334 36.64615299222222, 117.04271201333333 36.646158992222226, 117.04269901333333 36.64615999222222, 117.04256801333334 36.64616199222222, 117.04256001333334 36.646167992222225, 117.04255701333332 36.646172992222226, 117.04255301333333 36.64618399222222, 117.04255301333333 36.64630399222222, 117.04255001333333 36.64631299222222, 117.04254501333334 36.646314992222216, 117.04253301333333 36.64631799222222, 117.04187701333333 36.64634699222222, 117.04184901333333 36.64635999222222, 117.04183101333334 36.64637399222222, 117.04110401333332 36.64708899222222, 117.04087401333332 36.64737699222222, 117.04086401333333 36.64739299222222, 117.04085501333333 36.64741199222222, 117.04069701333333 36.64766999222222, 117.04068501333334 36.64769899222222, 117.04067801333333 36.64772299222222, 117.04067701333334 36.64775499222222, 117.04066201333333 36.648232992222226, 117.04066601333332 36.64824299222222, 117.04067401333333 36.648249992222226, 117.04068901333333 36.648253992222216, 117.04070601333333 36.64825699222222, 117.04219201333332 36.648272992222225, 117.04221201333334 36.648272992222225, 117.04222401333332 36.64826999222222, 117.04222801333331 36.64826599222222, 117.04222801333331 36.64825499222222, 117.04223101333334 36.648247992222224, 117.04223901333333 36.64823999222222, 117.04225401333333 36.648233992222224, 117.04267501333334 36.64822899222222, 117.04269101333333 36.64823099222222, 117.04269901333333 36.64823599222222, 117.04270601333333 36.64824399222222, 117.04271101333333 36.64825299222222, 117.04271901333333 36.648262992222215, 117.04273501333333 36.64826999222222, 117.04275901333332 36.64827799222222, 117.04278901333332 36.648280992222226, 117.04408301333333 36.64828799222222, 117.04410301333333 36.64828699222222, 117.04411501333334 36.64828299222222, 117.04412301333333 36.64827999222222, 117.04413001333334 36.64827199222223, 117.04413101333333 36.648263992222226))"
G00AOI00001NH5YG,山东工业大学教工住宅楼,3110,117.034273,36.649777,59619.36926,2024/12/17 10:52,2024/12/17 10:52,"POLYGON ((117.03668401333331 36.64989299222222, 117.03651901333335 36.64902599222222, 117.03532101333332 36.64899399222222, 117.03531901333332 36.64894099222222, 117.03526001333333 36.64891599222222, 117.03480401333334 36.64889999222222, 117.03435601333334 36.64887999222222, 117.03278201333333 36.64886899222222, 117.03277801333333 36.649047992222215, 117.03276201333333 36.649416992222214, 117.03272501333332 36.64979999222222, 117.03271201333334 36.64981799222222, 117.03268801333334 36.64982699222222, 117.03180201333333 36.64977099222222, 117.03172701333332 36.649761992222224, 117.03161401333332 36.64999999222222, 117.03155901333334 36.650158992222224, 117.03152501333334 36.650323992222226, 117.03423401333333 36.650540992222226, 117.03420501333333 36.65091899222222, 117.03536201333333 36.65094499222222, 117.03536001333333 36.65027899222222, 117.03564001333334 36.65022399222222, 117.03564001333334 36.650034992222224, 117.03569201333332 36.64996099222222, 117.03586001333333 36.649924992222225, 117.03597201333332 36.64991099222222, 117.03668401333331 36.64989299222222))"
G00AOI000001Y83U,甸柳新村七区,3110,117.066102,36.656811,58188.96725,2015/7/21 20:11,2022/8/17 13:47,"POLYGON ((117.06625101333331 36.654995992222226, 117.06484401333333 36.65499299222222, 117.06489801333333 36.658007992222224, 117.06799801333332 36.65802799222222, 117.06808701333333 36.657982992222216, 117.06810301333333 36.65691999222222, 117.06686401333333 36.65691499222222, 117.06624601333334 36.65627299222222, 117.06625101333331 36.654995992222226))"
G00AOI000001X5UH,山东艺术学院文东校区,3410,117.04633,36.65615,52106.37534,2015/7/21 20:11,2023/6/5 17:37,"POLYGON ((117.04762901333332 36.65504699222222, 117.04509001333332 36.65504599222222, 117.04502501333333 36.65512399222222, 117.04503001333335 36.65700699222222, 117.04509201333335 36.65700699222222, 117.04509301333333 36.65715599222222, 117.04513001333333 36.65722699222222, 117.04513601333333 36.657255992222225, 117.04761501333334 36.65726699222222, 117.04762901333332 36.65504699222222))"
G00AOI000002GUTO,体育嘉苑,3110,117.033872,36.652471,46197.31069,2016/8/30 11:44,2022/3/2 12:05,"POLYGON ((117.03447001333332 36.65268199222222, 117.03449601333332 36.65267899222223, 117.03538101333332 36.652792992222224, 117.03540001333332 36.65279199222223, 117.03541801333334 36.65278999222222, 117.03543701333334 36.652781992222216, 117.03544901333332 36.65277099222222, 117.03545601333333 36.65275499222222, 117.03567401333333 36.651596992222224, 117.03566901333332 36.65158099222222, 117.03565901333333 36.65156799222222, 117.03564301333331 36.651556992222226, 117.03562401333332 36.65155099222223, 117.03420901333332 36.65142899222222, 117.03418601333334 36.651429992222226, 117.03416801333334 36.65143599222222, 117.03415501333333 36.65145199222222, 117.03414901333333 36.65146699222222, 117.03408201333333 36.651754992222216, 117.03407201333333 36.65177299222222, 117.03405701333334 36.651780992222214, 117.03403101333333 36.65178999222223, 117.03399901333333 36.65179199222222, 117.03264601333332 36.651638992222225, 117.03262401333335 36.65163799222223, 117.03260101333333 36.65164599222222, 117.03258501333333 36.65165999222222, 117.03257501333333 36.651676992222214, 117.03231401333333 36.65337499222222, 117.03231301333334 36.65339099222222, 117.03231801333332 36.653411992222225, 117.03233501333332 36.653431992222224, 117.03236201333333 36.65344899222222, 117.03415001333332 36.65363699222222, 117.03417901333334 36.65363799222222, 117.03420501333333 36.65363499222222, 117.03422301333333 36.65362499222223, 117.03423801333334 36.65361499222222, 117.03424701333334 36.65359999222222, 117.03440801333332 36.65272299222222, 117.03441501333333 36.65270799222222, 117.03443101333333 36.65269399222222, 117.03445201333334 36.65268399222222, 117.03447001333332 36.65268199222222))"
G00AOI000006IXGS,济南广播电视台,3480,117.025478,36.643954,37552.69673,2021/6/1 17:20,2022/7/20 21:35,"POLYGON ((117.02624501333332 36.642701992222214, 117.02614801333333 36.642654992222226, 117.02481187444444 36.64268543666667, 117.02474401333333 36.642686992222224, 117.02468601333334 36.64268799222222, 117.02464401333334 36.64269999222222, 117.02462401333332 36.64272299222222, 117.02462001333333 36.64275699222222, 117.02469301333333 36.644003992222224, 117.02479601333333 36.64462099222222, 117.02482901333333 36.64537899222223, 117.02501101333333 36.64561599222222, 117.02517798555556 36.645618964444445, 117.02523601333333 36.64561999222222, 117.02529001333333 36.64561399222222, 117.02532801333334 36.64558199222222, 117.02533901333334 36.64555299222222, 117.02533401333332 36.645498992222215, 117.02532501333333 36.645157992222224, 117.02617501333333 36.64515199222222, 117.02621401333334 36.645148992222225, 117.02624801333334 36.645129992222216, 117.02625801333333 36.64510799222222, 117.02626301333333 36.64506899222222, 117.02631601333334 36.64284799222222, 117.02629101333333 36.64276199222222, 117.02624501333332 36.642701992222214))"
G00AOI00001NJ8JW,山东中医药大学(千佛山校区),3410,117.046283,36.651525,37484.37432,2025/5/22 14:41,2025/5/22 14:41,"POLYGON ((117.04708301333332 36.651363992222215, 117.04707701333332 36.65129799222222, 117.04698001333333 36.65130299222222, 117.04698601333334 36.650259992222225, 117.04600801333332 36.65026699222223, 117.04602001333333 36.65070299222222, 117.04543801333334 36.65070399222222, 117.04544701333333 36.65119399222222, 117.04506301333332 36.65120199222222, 117.04507701333334 36.65240799222222, 117.04509401333334 36.65242799222222, 117.04752401333333 36.65242099222222, 117.04753201333334 36.65210399222222, 117.04752901333333 36.65137099222222, 117.04708301333332 36.651363992222215))"
G00AOI000001WOLK,历山名郡2期,3110,117.036326,36.651629,35864.14486,2015/7/21 20:11,2023/4/14 3:15,"POLYGON ((117.03689101333332 36.65131299222222, 117.03661501333335 36.64991399222222, 117.03597201333332 36.64993499222222, 117.03578901333333 36.64997899222222, 117.03570701333332 36.65001999222223, 117.03567601333333 36.65008199222222, 117.03567501333332 36.65024699222222, 117.03538701333332 36.65030299222222, 117.03539901333333 36.65049599222222, 117.03555201333333 36.65048799222222, 117.03562901333333 36.65104099222222, 117.03574001333334 36.65162299222222, 117.03576701333333 36.651689992222224, 117.03585001333332 36.651884992222215, 117.03587801333333 36.65200899222222, 117.03589301333332 36.652088992222225, 117.03589401333335 36.652244992222215, 117.03587901333334 36.65236199222222, 117.03585601333333 36.65249199222222, 117.03582001333332 36.65268499222222, 117.03580801333334 36.652809992222224, 117.03580501333333 36.652991992222226, 117.03577501333334 36.65317199222222, 117.03578201333332 36.65323399222222, 117.03589701333333 36.653234992222224, 117.03652801333334 36.653231992222224, 117.03719301333334 36.653160992222226, 117.03689101333332 36.65131299222222))"
G00AOI000006C51Q,山东省精神医学研究所,3470,117.063222,36.656416,34108.63121,2020/1/13 17:50,2020/1/13 17:50,"POLYGON ((117.06359501333333 36.655902992222224, 117.06359801333333 36.65529399222222, 117.06347101333333 36.65530099222222, 117.06340201333333 36.655282992222226, 117.06339601333335 36.65501499222222, 117.06234001333334 36.655012992222225, 117.06233601333334 36.655541992222226, 117.06249401333332 36.65554699222222, 117.06246801333334 36.65754499222222, 117.06421701333333 36.65757999222222, 117.06419512444444 36.65631799222222, 117.06419501333332 36.656310992222224, 117.06377029111111 36.65602218666667, 117.06359501333333 36.655902992222224))"
G00AOI000001X5RS,山东工艺美术学院千佛山校区,3410,117.041285,36.644355,31627.06797,2015/7/21 20:11,2020/5/3 11:40,"POLYGON ((117.04269401333333 36.64434099222222, 117.04271101333333 36.64433999222222, 117.04272801333333 36.64433999222222, 117.04295301333333 36.64437099222222, 117.04296401333332 36.64437499222222, 117.04296501333334 36.64438299222222, 117.04296501333334 36.64438999222222, 117.0429595411111 36.64444704777778, 117.04295101333332 36.64453599222222, 117.04295401333333 36.64455899222222, 117.04296001333333 36.64456599222222, 117.04297701333333 36.64456799222222, 117.04300001333334 36.64456599222222, 117.04344901333333 36.64433199222222, 117.04346901333334 36.64431799222222, 117.04347301333334 36.644306992222226, 117.04347301333334 36.644288992222215, 117.04346801333332 36.644186992222224, 117.04346401333333 36.64417399222222, 117.04345301333333 36.64416499222222, 117.04344001333332 36.64416499222222, 117.04340959666665 36.644163047777774, 117.04197601333334 36.644071992222216, 117.04196801333333 36.644064992222226, 117.04196001333334 36.644054992222216, 117.04195801333333 36.64403199222222, 117.04194801333333 36.64401899222222, 117.04193801333332 36.64401299222222, 117.04187501333334 36.64401299222222, 117.04186401333334 36.64400799222222, 117.04185401333332 36.64400299222222, 117.04185401333332 36.64399199222222, 117.04186901333333 36.643646992222216, 117.04187901333333 36.64363899222222, 117.04189701333333 36.64363899222222, 117.04198601333334 36.64363899222222, 117.04200301333334 36.64363899222222, 117.04201701333332 36.64363299222222, 117.04201901333332 36.64362499222222, 117.04202901333333 36.643513992222225, 117.04202501333333 36.64349899222222, 117.04201901333332 36.64348599222222, 117.04200501333334 36.643477992222216, 117.04039001333334 36.64339999222223, 117.04037401333333 36.64340499222222, 117.04036301333333 36.643409992222225, 117.04035501333333 36.64342299222222, 117.04032401333333 36.64409799222222, 117.04028301333332 36.644467992222225, 117.04023401333333 36.645534992222224, 117.04024401333334 36.64555599222223, 117.04025601333333 36.645565992222224, 117.04028101333333 36.645573992222225, 117.04030701333333 36.64557799222222, 117.04052001333334 36.645579992222224, 117.04053601333334 36.64557799222222, 117.04055201333333 36.64556699222222, 117.04056801333333 36.64554499222222, 117.04079601333332 36.64538199222222, 117.04113401333332 36.64519099222222, 117.04192601333334 36.64478199222222, 117.04268101333334 36.644344992222216, 117.04269401333333 36.64434099222222))"
G00AOI000001W04I,万豪国际公寓,3110,117.047235,36.653659,30702.81332,2015/7/21 20:11,2024/6/20 10:00,"POLYGON ((117.04833701333334 36.65269399222222, 117.04832501333333 36.65269099222222, 117.04641301333332 36.652708992222216, 117.04640001333333 36.65474199222222, 117.04646801333332 36.65478699222223, 117.04648901333334 36.65479399222222, 117.04772601333333 36.65479899222222, 117.04773801333333 36.654796992222224, 117.04774901333333 36.65479299222222, 117.04776601333333 36.65476799222222, 117.04776401333334 36.65414799222222, 117.04776601333333 36.654087992222216, 117.04778301333333 36.65400699222222, 117.04791301333333 36.65378999222222, 117.04791201333335 36.653507992222224, 117.04828901333333 36.65350099222222, 117.04831901333334 36.65349999222222, 117.04833201333334 36.65349499222222, 117.04834001333333 36.65348399222222, 117.04835101333333 36.652719992222224, 117.04835101333333 36.65270799222222, 117.04834701333334 36.65270199222222, 117.04833701333334 36.65269399222222))"
G00AOI000002GV17,燕山小区南区,3110,117.059408,36.656919,29672.98066,2016/8/30 14:45,2022/8/14 1:51,"POLYGON ((117.06031501333332 36.65668899222222, 117.06034801333334 36.65601999222223, 117.05843701333333 36.65603299222222, 117.05847301333334 36.65740999222222, 117.05887501333332 36.65741899222222, 117.05886701333333 36.65796199222222, 117.06008201333331 36.65795199222222, 117.06022801333333 36.657441992222225, 117.06031501333332 36.65668899222222))"
G00AOI000001WOLI,历山名郡1期,3110,117.032895,36.65107,27884.853,2015/7/21 20:11,2023/7/15 15:29,"POLYGON ((117.03199401333333 36.65208399222222, 117.03230501333333 36.65112799222222, 117.03402801333333 36.65127599222222, 117.03566701333332 36.65134799222222, 117.03558901333334 36.650988992222224, 117.03412301333333 36.65097599222222, 117.03411101333333 36.650563992222224, 117.03282201333333 36.650484992222225, 117.03163701333332 36.650419992222226, 117.03154701333332 36.650613992222226, 117.03122101333332 36.65195599222222, 117.03199401333333 36.65208399222222))"
G00AOI000006D5ZE,山东省文化馆(山东省非物质文化遗产保护中心),3450,117.036793,36.645029,27276.3904,2016/12/16 14:45,2022/12/18 15:05,"POLYGON ((117.03776101333334 36.64425699222222, 117.03774001333332 36.644250992222226, 117.03602901333333 36.64427799222222, 117.03594101333334 36.64448799222222, 117.03584901333333 36.644681992222225, 117.03583301333332 36.644809992222214, 117.03580901333333 36.64489499222222, 117.03575401333332 36.64497299222222, 117.03562701333334 36.64508499222222, 117.03560801333334 36.64511199222222, 117.03560001333334 36.64513299222222, 117.03559901333333 36.645156992222226, 117.03560501333332 36.64519099222222, 117.03573601333333 36.645689992222216, 117.03574301333333 36.645706992222216, 117.03575601333331 36.645717992222224, 117.03577601333333 36.64572399222222, 117.03776001333334 36.64576099222222, 117.03779901333333 36.64576299222222, 117.03781401333333 36.645748992222224, 117.03782401333333 36.64572699222222, 117.03780801333333 36.645036992222224, 117.03777901333333 36.644280992222214, 117.03777301333334 36.64426499222222, 117.03776101333334 36.64425699222222))"
G00AOI000006GWL2,山东师范大学教工第三宿舍区,3110,117.041117,36.656673,27187.40594,2021/4/29 21:24,2021/4/29 21:24,"POLYGON ((117.04179981888889 36.65540960333333, 117.04179201333334 36.655407242222225, 117.04064298555555 36.65541774222222, 117.04063448555554 36.65542018666666, 117.0406252911111 36.655425825555554, 117.04061779111112 36.65543290888889, 117.04061443 36.65543960333333, 117.04046856888888 36.65743938111111, 117.04046795777778 36.65744918666667, 117.04046734666665 36.65746102, 117.04046684666666 36.65747282555556, 117.0404665411111 36.65748263111111, 117.04045745777778 36.657899353333335, 117.04046037444444 36.65790615888889, 117.04046718 36.65791363111111, 117.04047573555555 36.65791979777778, 117.04048390222222 36.657922686666666, 117.04155309666666 36.657989325555555, 117.04156148555556 36.657987436666666, 117.0415707911111 36.65798235333333, 117.04157848555556 36.65797577, 117.04158198555557 36.65796940888889, 117.04181701333333 36.655428575555554, 117.04181462444444 36.65542218666667, 117.04180812444444 36.655415214444446, 117.04179981888889 36.65540960333333))"
G00AOI000001X5V2,山东青年政治学院(西校区),3410,117.048711,36.649648,25419.326,2015/7/21 20:11,2025/8/15 9:40,"POLYGON ((117.04955901333334 36.64885999222222, 117.04780701333334 36.648847992222215, 117.04782101333332 36.649105992222225, 117.04782901333333 36.64959999222222, 117.04782601333334 36.65040899222222, 117.04960101333333 36.650465992222216, 117.04959501333335 36.64980099222222, 117.04958401333333 36.64912999222222, 117.04955201333334 36.64894999222222, 117.04955901333334 36.64885999222222))"
G00AOI00001NJHPY,大众日报社第三宿舍,3110,117.050352,36.644443,23928.10549,2025/7/25 8:30,2025/7/25 8:30,"POLYGON ((117.05003501333331 36.64583999222222, 117.04998201333332 36.64465799222223, 117.05026501333333 36.644642992222224, 117.05041701333332 36.64463799222222, 117.05045001333333 36.64463899222222, 117.05046001333332 36.64487299222222, 117.05044801333334 36.64488299222222, 117.05037401333333 36.64488299222222, 117.05031501333333 36.64488599222222, 117.05028801333334 36.644892992222225, 117.05027901333334 36.64501899222223, 117.05157301333332 36.64503199222222, 117.05176201333335 36.644692992222225, 117.05175401333334 36.64466499222222, 117.05162601333333 36.644611992222224, 117.05161601333333 36.64460199222223, 117.05171201333333 36.644377992222225, 117.05175901333332 36.64427899222222, 117.05174701333334 36.64425599222222, 117.05031001333333 36.64424499222222, 117.04996101333333 36.644242992222225, 117.04996001333333 36.644180992222225, 117.04994501333333 36.644180992222225, 117.04904201333333 36.64419999222222, 117.04898301333333 36.64460599222222, 117.04895301333333 36.64466399222222, 117.04894101333332 36.644796992222226, 117.04900501333333 36.645019992222224, 117.04902601333333 36.64505799222222, 117.04927301333333 36.645452992222225, 117.04950401333332 36.64583299222222, 117.04953701333334 36.64582899222222, 117.04957401333333 36.645898992222214, 117.04967501333333 36.645891992222225, 117.04981601333333 36.64586799222222, 117.05003501333331 36.64583999222222))"
G00AOI000005Z876,文化东路67号院,3110,117.052114,36.655945,23772.28908,2017/8/14 10:46,2019/8/20 17:45,"POLYGON ((117.05211201333334 36.65710699222222, 117.05212801333333 36.65619499222222, 117.05221901333333 36.65619499222222, 117.05308601333333 36.656187992222215, 117.05308301333334 36.65564799222222, 117.05305401333332 36.65519799222222, 117.05307001333333 36.65500099222222, 117.05251201333333 36.65500199222222, 117.05166601333333 36.65500799222222, 117.05166001333333 36.65529099222223, 117.05159101333334 36.655572992222226, 117.05159501333333 36.65596199222222, 117.05129401333332 36.655970992222215, 117.05126501333334 36.65636099222222, 117.05124901333332 36.656431992222224, 117.05119801333332 36.65702799222222, 117.05123501333334 36.65710899222222, 117.05211201333334 36.65710699222222))"
G00AOI000001W5D8,中共山东省直机关党校,3410,117.066546,36.651867,21509.10817,2015/7/21 20:11,2016/9/21 19:25,"POLYGON ((117.06768801333334 36.65269999222222, 117.06768301333334 36.65176099222222, 117.06743101333333 36.65173099222222, 117.06743801333333 36.651689992222224, 117.06692401333333 36.651660992222226, 117.06695387444444 36.651341297777776, 117.0669637911111 36.65123496444444, 117.06696501333333 36.651221992222226, 117.06661012444445 36.651203603333336, 117.06534301333333 36.65113799222222, 117.06534168 36.651159658888886, 117.06528501333332 36.65208299222222, 117.06593301333334 36.65207099222222, 117.06593201333334 36.651981992222225, 117.06658001333332 36.65198299222222, 117.06657801333333 36.65268396444444, 117.06767729111111 36.65269982555555, 117.06768801333334 36.65269999222222))"
G00AOI0000074TBA,山东大学千佛山校区南校园-体育场,3510,117.02763,36.646671,20931.00249,2022/2/23 11:10,2022/2/23 11:10,"POLYGON ((117.02828801333332 36.64753799222222, 117.02830101333332 36.64580399222223, 117.02696401333333 36.645810992222216, 117.02696701333335 36.64753799222222, 117.02828801333332 36.64753799222222))"
G00AOI000006HFMQ,山东省济南燕山学校,3410,117.065755,36.652813,19223.08887,2021/4/29 21:45,2021/4/29 21:45,"POLYGON ((117.06641209666665 36.65209824222222, 117.06640381888887 36.652096047777775, 117.06485176333332 36.652125992222224, 117.06484348555554 36.652128520000005, 117.06483462444446 36.65213429777778, 117.06482748555557 36.65214149222222, 117.06482440222223 36.652148158888885, 117.06480993 36.65291429777778, 117.06481279111111 36.65292093666667, 117.06481970777777 36.65292813111111, 117.06482837444445 36.65293402, 117.06483648555556 36.65293668666667, 117.06543456888889 36.65295360333333, 117.06544281888888 36.65295627, 117.06545165222222 36.65296213111111, 117.06545876333333 36.65296932555555, 117.06546187444445 36.652975992222224, 117.06547268 36.653677825555555, 117.06547579111111 36.65368438111111, 117.06548293 36.65369140888888, 117.06549179111111 36.653697047777776, 117.06550001333333 36.65369943666666, 117.0664550411111 36.653697547777774, 117.06646309666665 36.653695103333334, 117.06647173555555 36.65368943666667, 117.06647856888888 36.6536823811111, 117.06648131888889 36.65367585333333, 117.06643148555555 36.652117158888885, 117.06642834666667 36.652110631111114, 117.06642106888889 36.65210371444444, 117.06641209666665 36.65209824222222))"
G00AOI000006WAKC,山东省中医药研究院,3470,117.054615,36.645114,19197.61376,2021/12/3 16:20,2021/12/3 16:20,"POLYGON ((117.05555801333333 36.64570199222222, 117.05552701333335 36.64454799222222, 117.05367601333333 36.644552992222216, 117.05364701333333 36.64529599222222, 117.05365901333333 36.64561799222222, 117.05525801333333 36.64570999222222, 117.05555801333333 36.64570199222222))"
G00AOI000002GV4S,大众嘉园,3110,117.049145,36.646515,18916.32876,2016/8/30 15:36,2019/6/5 18:30,"POLYGON ((117.04832301333333 36.647118992222225, 117.05009101333333 36.64711199222222, 117.05019601333333 36.64711599222222, 117.05006601333334 36.64686999222222, 117.05000901333332 36.646516992222224, 117.05000501333333 36.64612299222222, 117.04971301333332 36.64613499222222, 117.04952201333333 36.64584099222222, 117.04831501333334 36.64584299222222, 117.04832301333333 36.647118992222225))"
G00AOI000006D80S,子锋苑小区,3110,117.063443,36.648984,18775.98887,2020/5/27 13:20,2022/7/4 21:03,"POLYGON ((117.06290301333334 36.64813899222222, 117.06286301333333 36.64813899222222, 117.06282901333333 36.648149992222216, 117.06281201333333 36.64817799222222, 117.06266101333333 36.649274992222225, 117.06262901333332 36.64951599222222, 117.06263801333333 36.64954399222222, 117.06265201333333 36.649564992222224, 117.06267101333333 36.64957399222222, 117.06269001333334 36.64958099222222, 117.06280501333333 36.64959199222222, 117.06420501333334 36.64967999222222, 117.06437101333334 36.64969199222222, 117.06439701333333 36.64968799222222, 117.06441801333332 36.64967999222222, 117.06443201333333 36.649665992222225, 117.06443801333332 36.64965399222222, 117.06443801333332 36.649632992222216, 117.06435101333334 36.64929299222222, 117.06422801333333 36.64908999222222, 117.06385101333333 36.64844699222222, 117.06384001333333 36.64842199222222, 117.06383401333333 36.648393992222225, 117.06384001333333 36.64824299222222, 117.06383201333333 36.64822599222222, 117.06381601333334 36.648210992222225, 117.06379601333332 36.64820199222222, 117.06296301333334 36.64814199222222, 117.06290301333334 36.64813899222222))"
G00AOI0000060NSO,山东省广播电视局,3520,117.023378,36.649292,18011.36401,2017/11/6 10:16,2019/2/24 5:45,"POLYGON ((117.02378401333334 36.64978899222222, 117.02376301333334 36.649538992222226, 117.02463201333332 36.64954299222222, 117.02464220777777 36.64911238111111, 117.02464801333333 36.64886799222222, 117.02305590222221 36.64885810333333, 117.02223101333334 36.648852992222224, 117.02223901333332 36.64901999222222, 117.02237201333334 36.64902799222222, 117.02234101333332 36.649303992222215, 117.02226801333333 36.64930799222222, 117.02230401333334 36.64981499222222, 117.02378401333334 36.64978899222222))"
G00AOI000001XZ2W,济南市第八人民医院,3610,117.049397,36.656059,17419.62934,2015/7/21 20:11,2021/1/18 17:00,"POLYGON ((117.04981401333333 36.65503699222222, 117.04914501333333 36.655033992222215, 117.04912601333334 36.655035992222224, 117.04911301333333 36.65503799222222, 117.04910101333333 36.65504299222223, 117.04909301333333 36.65505499222222, 117.04891301333332 36.65534499222222, 117.04891237444444 36.65541135333333, 117.0489065688889 36.65601149222222, 117.04889701333333 36.65700099222222, 117.04890101333334 36.657022992222224, 117.04891301333332 36.65703399222222, 117.04891901333333 36.65703699222222, 117.04892745777776 36.65703932555556, 117.04893701333333 36.65704199222222, 117.04931320777777 36.65704240888889, 117.04985301333335 36.65704299222222, 117.04986501333333 36.657039992222224, 117.04987601333333 36.65703399222222, 117.04988401333333 36.65702199222223, 117.04988801333332 36.65701499222222, 117.04988801333332 36.65700499222222, 117.04987301333333 36.65658599222222, 117.04987901333332 36.655902992222224, 117.04986401333333 36.655066992222224, 117.04986001333333 36.65505499222222, 117.04984901333333 36.65504499222222, 117.04983901333333 36.655038992222224, 117.04981401333333 36.65503699222222))"
G00AOI0000061IZG,环山小区,3110,117.052661,36.645216,17265.76513,2017/11/28 14:00,2021/8/13 18:50,"POLYGON ((117.05286701333334 36.64607199222222, 117.05300901333332 36.64570599222222, 117.05321501333333 36.64571599222222, 117.05341201333333 36.64508699222222, 117.05357601333331 36.64465299222222, 117.05331401333332 36.644577992222224, 117.05338101333334 36.644436992222225, 117.05300201333333 36.644338992222224, 117.05289301333333 36.64457699222222, 117.05219801333332 36.64436599222222, 117.05207001333332 36.64465299222222, 117.05254401333333 36.64481899222223, 117.05267801333332 36.64473899222222, 117.05277901333334 36.64476599222222, 117.05261101333333 36.64513999222223, 117.05199101333334 36.64495999222222, 117.05163901333333 36.64571999222222, 117.05286701333334 36.64607199222222))"
G00AOI000001YNW2,融基·书香苑,3110,117.056874,36.656433,16871.34816,2015/7/21 20:11,2018/8/31 12:40,"POLYGON ((117.05727401333334 36.65719799222222, 117.05735601333332 36.65709699222222, 117.05749101333333 36.65709099222222, 117.05749501333332 36.65566499222222, 117.05692801333333 36.65567099222222, 117.05653101333333 36.65565299222222, 117.05640601333334 36.65583599222222, 117.05622301333334 36.65582599222222, 117.05625301333332 36.65672399222222, 117.05627301333332 36.65719799222222, 117.05685201333333 36.65719499222222, 117.05727401333334 36.65719799222222))"
G00AOI0000065341,山东省监狱管理局,3520,117.03713,36.65671,16645.95793,2018/7/17 11:15,2018/7/17 11:15,"POLYGON ((117.03797801333334 36.65730099222222, 117.03776454111112 36.65618024222222, 117.03774601333333 36.65608299222222, 117.03769601333333 36.65604699222222, 117.03625701333333 36.656183992222225, 117.03625304111111 36.656748019999995, 117.03625301333332 36.65675199222222, 117.03625401333333 36.65699399222222, 117.03675701333333 36.65698899222222, 117.03683001333333 36.657419992222216, 117.03685901333333 36.657436992222216, 117.03797801333334 36.65730099222222))"
G00AOI000006EE9B,大润发(历下店),3920,117.036709,36.655628,16589.37602,2021/1/15 18:05,2021/1/15 18:05,"POLYGON ((117.03631601333333 36.656161992222216, 117.03758301333333 36.65600099222222, 117.03762401333334 36.65598799222222, 117.03765801333334 36.65596599222222, 117.03768701333333 36.65593099222222, 117.03770701333335 36.655899992222224, 117.03772201333334 36.65586099222222, 117.03772401333333 36.655820992222225, 117.03766201333333 36.655342992222224, 117.03765401333332 36.655308992222224, 117.03764501333333 36.65527899222222, 117.03762801333333 36.65524799222222, 117.03760201333333 36.65521599222222, 117.03755601333333 36.655178992222226, 117.03749701333332 36.65514199222222, 117.03745001333333 36.655120992222216, 117.03739201333333 36.655108992222225, 117.03732001333333 36.65510699222222, 117.03725601333332 36.65510799222223, 117.03609601333334 36.655116992222226, 117.03606501333333 36.65511599222222, 117.03604001333332 36.65511999222222, 117.03601601333334 36.655129992222214, 117.03599501333332 36.65514699222223, 117.03598201333334 36.65516899222222, 117.03594701333334 36.65544499222222, 117.03594001333333 36.65546199222222, 117.03592701333332 36.65547599222222, 117.03590601333333 36.65548499222222, 117.03587901333334 36.65549099222222, 117.03577801333333 36.655489992222215, 117.03575501333333 36.65549499222222, 117.03573501333332 36.65550599222222, 117.03572401333332 36.65552199222222, 117.03571901333333 36.655545992222216, 117.03572101333334 36.65608899222222, 117.03572401333332 36.65610999222223, 117.03573401333334 36.65612899222222, 117.03575001333333 36.65614299222222, 117.03576701333333 36.656149992222225, 117.03579201333334 36.65615299222222, 117.03599101333333 36.65615599222222, 117.03600901333334 36.65615399222222, 117.03602101333333 36.65614699222222, 117.03603001333333 36.65613399222222, 117.03604601333333 36.65612099222222, 117.03605701333332 36.65611599222222, 117.03607901333334 36.65611499222222, 117.03615401333333 36.65611699222222, 117.03617101333333 36.65611999222222, 117.03618301333333 36.65612699222222, 117.03618801333333 36.65613399222222, 117.03619101333334 36.65614599222222, 117.03620201333332 36.656161992222216, 117.03621501333332 36.656170992222215, 117.03623301333334 36.656172992222224, 117.03627001333334 36.65616899222222, 117.03631601333333 36.656161992222216))"
G00AOI00000Y0L65,山东师范大学千佛山校区体育场,3510,117.03847,36.652217,16220.50601,2023/9/6 9:15,2023/9/6 9:15,"POLYGON ((117.03901501333333 36.65143599222222, 117.03792901333334 36.65136299222222, 117.03792801333333 36.65303699222222, 117.03902701333334 36.65302499222222, 117.03901501333333 36.65143599222222))"
G00AOI000006HN3F,济南市历下区人民医院,3610,117.049374,36.656081,16090.27575,2021/4/29 21:53,2021/4/29 21:53,"POLYGON ((117.04975701333333 36.65506879777778, 117.04914298555555 36.655064214444444, 117.04913295777777 36.65506621444444, 117.04912151333333 36.65507102, 117.04911115222222 36.65507724222222, 117.04910451333333 36.65508357555555, 117.04891237444444 36.65541135333333, 117.04890648555555 36.655421408888884, 117.04890248555554 36.65543043666666, 117.04889893 36.65544168666666, 117.04889637444442 36.65545310333333, 117.04889543 36.65546263111111, 117.0489065688889 36.65601149222222, 117.04892745777776 36.65703932555556, 117.04892756888889 36.65704535333333, 117.04893065222223 36.65705163111111, 117.04893790222222 36.65705821444445, 117.04894681888888 36.657063353333335, 117.04895490222222 36.65706527, 117.04931320777777 36.65704240888889, 117.04984109666667 36.657008714444444, 117.04984923555554 36.65700579777778, 117.04985776333332 36.65699965888889, 117.04986445777777 36.65699218666667, 117.04986706888889 36.65698538111111, 117.04978492999999 36.655090631111115, 117.04978173555556 36.655083992222224, 117.04977440222221 36.65507693666667, 117.04976537444445 36.65507126999999, 117.04975701333333 36.65506879777778))"
G00AOI000006CPS2,山东省杂技团,3490,117.050439,36.655747,15801.8754,2020/4/11 13:25,2020/4/11 13:25,"POLYGON ((117.05090301333333 36.654985992222215, 117.04989901333333 36.65498399222222, 117.04988301333334 36.65498699222223, 117.04987601333333 36.65499299222222, 117.04987101333332 36.65499899222222, 117.04986801333334 36.65501399222222, 117.04988501333334 36.65576799222222, 117.04987901333332 36.65648899222222, 117.04988501333334 36.65651299222222, 117.04989601333332 36.65652599222222, 117.04990901333333 36.65653499222222, 117.04992801333333 36.65653999222222, 117.05090301333333 36.656530992222216, 117.05091701333333 36.65652899222222, 117.05093001333334 36.65652299222222, 117.05093501333333 36.65651499222222, 117.05093901333333 36.65650899222223, 117.05094201333333 36.65649799222222, 117.05106001333334 36.65509299222222, 117.05105701333332 36.65507999222222, 117.05105301333333 36.65507099222222, 117.05104801333333 36.65506299222222, 117.05103901333334 36.65505399222222, 117.05102501333332 36.65504599222222, 117.05101201333332 36.65504099222222, 117.05099001333335 36.65503699222222, 117.05097201333332 36.65502799222222, 117.05096201333333 36.655021992222224, 117.05095301333333 36.65501099222222, 117.05094201333333 36.65499899222222, 117.05093301333333 36.65499299222222, 117.05092201333333 36.65498899222222, 117.05090301333333 36.654985992222215))"
G00AOI000002FZT4,山东师大二附中,3410,117.04849,36.651152,15621.18097,2016/5/25 15:25,2019/5/31 17:10,"POLYGON ((117.04914901333333 36.65181399222222, 117.04916701333332 36.65053199222223, 117.04848201333333 36.65052199222222, 117.04847501333334 36.650474992222215, 117.04785701333333 36.65047399222222, 117.04785801333333 36.650574992222225, 117.04786201333333 36.65065899222222, 117.04787001333332 36.65089499222222, 117.04781801333334 36.65089799222222, 117.04781901333332 36.65179799222222, 117.04812401333332 36.651788992222215, 117.04848301333334 36.651788992222215, 117.04914901333333 36.65181399222222))"
G00AOI0000062VMD,山东省药品监督管理局,3520,117.048806,36.647756,14414.61743,2018/2/5 19:18,2018/11/15 21:15,"POLYGON ((117.04946001333333 36.64721399222223, 117.04806901333333 36.64720499222222, 117.04804701333332 36.64826699222222, 117.04962101333334 36.64827499222222, 117.04962901333334 36.64771399222222, 117.04947401333332 36.647712992222225, 117.04946001333333 36.64721399222223))"
G00AOI00001MNYUA,燕子山小区东路36号院,3110,117.062032,36.656386,14382.67236,2024/6/29 14:02,2024/6/29 14:02,"POLYGON ((117.06248201333332 36.655554992222214, 117.06147201333334 36.655541992222226, 117.06145101333333 36.65671299222222, 117.06202901333333 36.65675099222222, 117.06198701333332 36.657571992222216, 117.06245601333333 36.65757499222222, 117.06248201333332 36.655554992222214))"
G00AOI000002L63I,山东广电产业大厦,3530,117.025562,36.64997,14252.87617,2017/5/18 11:03,2020/3/19 16:30,"POLYGON ((117.02586501333332 36.64887099222222, 117.02583501333332 36.64886999222222, 117.02557401333334 36.64887399222222, 117.02539901333334 36.64889899222222, 117.02525601333333 36.64894899222222, 117.02522901333333 36.64896699222222, 117.02522001333334 36.64898199222222, 117.02521401333333 36.649009992222226, 117.02521601333333 36.64922599222223, 117.02518201333334 36.64940899222222, 117.02519701333333 36.65099999222222, 117.02520401333332 36.65101599222222, 117.02521301333333 36.65102899222222, 117.02522501333333 36.651036992222224, 117.02524101333334 36.65103999222222, 117.02525701333332 36.65103999222222, 117.02549901333333 36.651044992222225, 117.02565701333334 36.65103399222222, 117.02571201333333 36.65102099222222, 117.02577801333332 36.65099899222222, 117.02582301333334 36.65098399222222, 117.02587801333333 36.65094799222223, 117.02590801333332 36.65091099222222, 117.02593601333334 36.65085699222222, 117.02594301333335 36.65082199222222, 117.02595101333333 36.65039199222222, 117.02590201333334 36.648914992222224, 117.02590001333334 36.648895992222215, 117.02589001333332 36.648880992222225, 117.02587701333334 36.64887399222222, 117.02586501333332 36.64887099222222))"
G00AOI000006HCKD,山东大学甸柳宿舍,3110,117.065598,36.655621,13822.06017,2021/4/29 21:45,2021/4/29 21:45,"POLYGON ((117.06612184666666 36.65499832555555, 117.06611101333333 36.65499657555555, 117.06504087444443 36.65499846444444, 117.06503251333334 36.655000853333334, 117.06502345777777 36.65500649222222, 117.06501612444444 36.655013520000004, 117.06501287444445 36.65502015888889, 117.0649585411111 36.65615535333333, 117.06496056888889 36.65616377, 117.06496587444444 36.656173519999996, 117.06497276333332 36.65618271444444, 117.0649795411111 36.656189464444445, 117.06499593 36.656200686666665, 117.06501729111112 36.65621321444444, 117.06503943 36.65622499222222, 117.06505812444445 36.65623399222222, 117.06506868 36.65623796444444, 117.06508201333332 36.656241881111114, 117.06509565222223 36.65624488111111, 117.06510715222223 36.65624604777777, 117.06605904111112 36.65623090888889, 117.06607090222222 36.656229797777776, 117.06608509666667 36.65622740888889, 117.06609912444445 36.656224381111116, 117.06611048555554 36.65622138111111, 117.06612959666666 36.65621543666666, 117.06615248555555 36.65620771444445, 117.0661747911111 36.656199242222215, 117.06619198555555 36.65619113111111, 117.06619954111112 36.65618543666666, 117.06620751333332 36.65617724222223, 117.06621384666667 36.656168325555555, 117.06621651333333 36.656160408888894, 117.06621745777777 36.655090519999995, 117.0662155411111 36.655081519999996, 117.06621098555554 36.65507093666666, 117.06620520777777 36.655060686666666, 117.06619965222221 36.65505263111111, 117.06619090222222 36.65504288111111, 117.06617923555557 36.655031575555554, 117.06616681888889 36.65502082555555, 117.06615584666666 36.65501274222222, 117.0661465688889 36.655007742222224, 117.06613448555555 36.65500249222222, 117.06612184666666 36.65499832555555))"
G00AOI00001NHZRG,汇雅燕子山庄,3110,117.05862,36.645336,13023.86462,2025/1/9 10:22,2025/1/9 10:22,"POLYGON ((117.05849801333333 36.64436199222222, 117.05823701333333 36.64424199222223, 117.05819301333334 36.644290992222224, 117.05832301333334 36.64474899222222, 117.05838701333333 36.64502399222222, 117.05836701333332 36.64539199222222, 117.05831001333333 36.64571499222222, 117.05797601333335 36.64606299222222, 117.05779201333334 36.64624599222223, 117.05809701333334 36.64644199222222, 117.05861501333332 36.64601899222222, 117.05901601333333 36.645748992222224, 117.05925301333333 36.64550299222222, 117.05927901333334 36.64539199222222, 117.05923301333333 36.64510799222222, 117.05917401333333 36.64495399222222, 117.05893001333334 36.64468599222222, 117.05874601333335 36.64439399222223, 117.05849801333333 36.64436199222222))"
G00AOI000002HQDI,山东体育学院宿舍,3110,117.036635,36.654282,12959.63774,2016/11/3 17:26,2019/6/12 11:35,"POLYGON ((117.03749101333334 36.654649992222225, 117.03742401333334 36.65399699222222, 117.03677601333332 36.65401899222222, 117.03673701333334 36.65359999222222, 117.03613601333332 36.65359599222222, 117.03609601333334 36.653833992222225, 117.03604301333334 36.654087992222216, 117.03583701333334 36.65443499222222, 117.03581301333334 36.65474299222222, 117.03746701333333 36.65475499222222, 117.03748601333332 36.654722992222226, 117.03749101333334 36.654649992222225))"
G00AOI000001WWRK,大众日报社第三宿舍南区,3110,117.049543,36.644958,12828.94963,2015/7/21 20:11,2025/7/25 7:50,"POLYGON ((117.05002201333333 36.64583199222222, 117.04994801333332 36.64419399222223, 117.04905001333333 36.644211992222225, 117.04898701333335 36.644610992222226, 117.04895701333334 36.64466899222222, 117.04894901333333 36.644796992222226, 117.04902201333333 36.64502999222222, 117.04915701333333 36.645258992222224, 117.04950901333333 36.64582499222222, 117.04954001333333 36.64582299222222, 117.04957101333333 36.64587199222222, 117.04958101333332 36.64589299222222, 117.04966801333333 36.64588699222222, 117.04981401333333 36.645855992222224, 117.05002201333333 36.64583199222222))"
G00AOI000006GYQB,人防办机关宿舍,3110,117.038689,36.647599,12776.49054,2021/4/29 21:30,2023/10/10 16:09,"POLYGON ((117.0391404022222 36.64685702, 117.03913801333333 36.646688992222224, 117.03819301333333 36.647053992222226, 117.03819501333334 36.647247992222226, 117.03818923555555 36.64745724222222, 117.03818001333333 36.64779099222223, 117.03815701333333 36.64830899222222, 117.03918301333334 36.648318992222215, 117.03915301333333 36.64774099222222, 117.0391404022222 36.64685702))"
G00AOI000002GUY7,皇冠山庄,3110,117.031038,36.646167,12734.26571,2016/8/30 14:02,2019/6/14 18:55,"POLYGON ((117.03190101333333 36.646420992222225, 117.03190701333334 36.64632299222222, 117.03209601333333 36.64632299222222, 117.03213001333333 36.64581599222222, 117.03006501333331 36.64582299222222, 117.03009501333332 36.646566992222226, 117.03145901333333 36.646558992222225, 117.03146001333332 36.64642499222222, 117.03190101333333 36.646420992222225))"
G00AOI000002GULZ,宏泰小区,3110,117.044099,36.657481,12268.84604,2016/8/30 9:50,2019/6/20 14:45,"POLYGON ((117.04478101333333 36.65794499222223, 117.04479601333334 36.65684499222222, 117.04405801333334 36.656847992222225, 117.04404501333333 36.65728899222222, 117.04318501333334 36.657312992222224, 117.04318201333332 36.657918992222214, 117.04396801333333 36.65793199222222, 117.04478101333333 36.65794499222223))"
G00AOI00000631CJ,浅深休闲会所(济南经十店),3350,117.056783,36.649384,12138.56749,2018/2/27 19:34,2022/11/24 13:25,"POLYGON ((117.05669701333332 36.64885499222222, 117.05615201333335 36.64880399222222, 117.05608101333333 36.64882199222222, 117.05604301333334 36.648849992222225, 117.05601401333334 36.64888999222222, 117.05600168 36.648924242222215, 117.05599601333334 36.648939992222225, 117.05596601333333 36.649426992222224, 117.05597801333332 36.64944699222222, 117.05601201333332 36.649460992222224, 117.05649301333334 36.64946699222222, 117.05649401333334 36.64963999222222, 117.05654401333334 36.64964199222222, 117.05655601333332 36.64998599222222, 117.05657201333334 36.65000499222222, 117.05659501333334 36.65001499222222, 117.05741201333333 36.65001799222222, 117.05743801333334 36.65000599222222, 117.05745301333333 36.649980992222225, 117.05743101333333 36.64971299222222, 117.05742718 36.649217992222226, 117.05742601333333 36.64906899222222, 117.05741001333332 36.64903399222222, 117.05737601333334 36.64900899222223, 117.05712101333333 36.64894999222222, 117.05669701333332 36.64885499222222))"
G00AOI000002MB4W,燕景苑,3110,117.054904,36.64731,12040.38417,2021/3/17 4:55,2021/3/17 4:55,"POLYGON ((117.05565601333332 36.64690999222223, 117.05404401333334 36.64685999222222, 117.05403701333333 36.64749299222222, 117.05456401333332 36.64749299222222, 117.05454801333335 36.647794992222224, 117.05563001333333 36.647830992222225, 117.05565601333332 36.64690999222223))"
G00AOI000001W66U,中天·汇丽华城,3110,117.056901,36.648047,11757.02866,2015/7/21 20:11,2019/5/29 19:15,"POLYGON ((117.05775201333334 36.64773399222222, 117.05582701333333 36.64769699222222, 117.05583401333334 36.64815299222222, 117.05584401333333 36.648219992222224, 117.05591901333334 36.64824099222222, 117.05602901333333 36.64826899222222, 117.05624501333332 36.64827899222222, 117.05665501333333 36.64831299222222, 117.05725601333333 36.648416992222224, 117.05743729111111 36.64845088111112, 117.05785001333334 36.64852799222223, 117.05785556888888 36.64816499222222, 117.05786001333333 36.64787499222222, 117.05775101333333 36.647847992222225, 117.05775201333334 36.64773399222222))"
G00AOI00001NJ10X,山大路246号院,3110,117.05674,36.653135,11697.42516,2025/4/8 17:13,2025/4/8 17:13,"POLYGON ((117.05752301333334 36.653541992222216, 117.05751901333333 36.65271599222222, 117.05595401333333 36.65273399222222, 117.05595001333333 36.65354099222222, 117.05703001333333 36.653546992222225, 117.05752301333334 36.653541992222216))"
G00AOI0000062N4V,文化东路小学,3410,117.050012,36.657096,11642.51331,2018/1/29 16:03,2021/12/25 13:40,"POLYGON ((117.05079901333332 36.656543992222225, 117.05077101333332 36.65654299222222, 117.04993801333333 36.65656199222222, 117.04991701333334 36.65656799222222, 117.04990301333332 36.65657699222222, 117.04989401333333 36.65659299222222, 117.04988801333332 36.656608992222225, 117.04989401333333 36.65701499222222, 117.04989201333333 36.65702599222222, 117.04988601333332 36.65703499222222, 117.04987001333333 36.65704399222222, 117.04984901333333 36.657047992222225, 117.04894001333334 36.65707499222222, 117.04894401333334 36.65743799222222, 117.04894401333334 36.65745099222222, 117.04895201333333 36.65746299222222, 117.04896001333331 36.65746899222222, 117.04898201333333 36.65747599222222, 117.04962101333334 36.657576992222225, 117.04971401333333 36.65762199222222, 117.04996601333335 36.65762199222222, 117.04998101333334 36.65762199222222, 117.05000101333331 36.65761999222222, 117.05002101333334 36.65761199222222, 117.05004501333335 36.65759599222222, 117.05044801333334 36.65733899222222, 117.05079501333333 36.65707999222222, 117.05093401333333 36.65689299222222, 117.05092101333334 36.65664399222222, 117.05091801333333 36.65662199222223, 117.05090501333333 36.656595992222215, 117.05088601333334 36.656574992222225, 117.05086201333334 36.65655999222222, 117.05083801333333 36.65655099222222, 117.05079901333332 36.656543992222225))"
G00AOI0000064LYI,绿城兰悦(建设中),3110,117.063949,36.654279,11377.85158,2018/6/19 15:26,2018/6/19 15:26,"POLYGON ((117.06329401333333 36.65475799222222, 117.06436101333333 36.654753992222226, 117.06452501333334 36.65475599222222, 117.06461101333332 36.65466799222222, 117.06460501333333 36.65379599222222, 117.06328801333332 36.653811992222224, 117.06329401333333 36.65475799222222))"
G00AOI00000P0A12,燕玺台,3110,117.056876,36.646239,11372.39998,2023/4/18 14:51,2023/4/18 14:51,"POLYGON ((117.05751701333334 36.64641999222222, 117.05773701333334 36.64620599222222, 117.05778501333333 36.646229992222224, 117.05796901333333 36.64605599222222, 117.05790501333334 36.646010992222216, 117.05730301333332 36.64597599222222, 117.05728401333333 36.64583099222222, 117.05602401333334 36.64580999222222, 117.05601401333334 36.64625599222222, 117.05617401333333 36.64633299222223, 117.05640801333334 36.64650499222222, 117.05696901333334 36.64691799222223, 117.05713401333333 36.64678099222222, 117.05751701333334 36.64641999222222))"
G00AOI000002G3AQ,山东省文化艺术学校,3410,117.058004,36.655732,11323.00344,2016/6/6 14:01,2019/10/26 16:45,"POLYGON ((117.05839401333334 36.65498099222222, 117.05837601333333 36.65497999222222, 117.05765301333332 36.65498199222222, 117.05762901333333 36.65498499222222, 117.05761601333333 36.65498699222223, 117.05760401333333 36.65499299222222, 117.05759301333333 36.65499999222222, 117.05758801333333 36.65501199222222, 117.05759601333334 36.65646999222223, 117.05759801333333 36.65647999222222, 117.05760501333333 36.65648599222222, 117.05761601333333 36.65649099222222, 117.05762801333334 36.656493992222224, 117.05764501333334 36.65649899222222, 117.05834901333334 36.65648399222222, 117.05836501333332 36.656478992222226, 117.05838401333332 36.65647299222222, 117.05839801333333 36.65646499222222, 117.05840601333333 36.656451992222216, 117.05842401333332 36.65542599222222, 117.05842001333333 36.65500299222222, 117.05841401333332 36.65499099222222, 117.05840401333333 36.65498499222222, 117.05839401333334 36.65498099222222))"
G00AOI000001YJIW,舜和苑,3110,117.035483,36.656175,11237.68006,2015/7/21 20:11,2023/7/18 3:56,"POLYGON ((117.03620601333333 36.65617499222222, 117.03617801333333 36.656131992222214, 117.03604601333333 36.656132992222226, 117.03602001333333 36.65616799222222, 117.03571101333333 36.65617499222222, 117.03571401333333 36.65548499222222, 117.03495901333334 36.65546599222222, 117.03494301333333 36.65592599222222, 117.03495801333334 36.65671499222222, 117.03623401333333 36.65671299222222, 117.03624201333334 36.65617699222222, 117.03620601333333 36.65617499222222))"
G00AOI000001WT51,嘉和园小区(燕文西路),3110,117.058083,36.650694,10494.9617,2015/7/21 20:11,2018/10/25 13:50,"POLYGON ((117.05884101333332 36.650923992222225, 117.05884901333332 36.650250992222226, 117.05745701333333 36.65027599222223, 117.05744501333332 36.65121499222222, 117.05749601333333 36.65125199222222, 117.05810701333333 36.65126699222222, 117.05812801333332 36.651238992222225, 117.05813901333332 36.65120799222222, 117.05814001333334 36.650932992222224, 117.05884101333332 36.650923992222225))"
G00AOI00000PV77X,千佛山东路18号小区,3110,117.04329,36.645272,10328.02822,2016/9/1 9:37,2023/6/26 17:07,"POLYGON ((117.04398601333332 36.64573299222222, 117.04398301333333 36.64543999222222, 117.04385901333335 36.64544199222222, 117.04383801333333 36.64480699222222, 117.04317701333333 36.64479799222222, 117.04316601333333 36.644658992222226, 117.04268201333333 36.64489199222222, 117.04269501333332 36.64573499222222, 117.04398601333332 36.64573299222222))"
G00AOI000005ZAD5,文东苑,3110,117.053883,36.64937,10238.24528,2017/8/16 15:45,2019/8/20 16:55,"POLYGON ((117.05446801333332 36.649945992222214, 117.05446901333335 36.649113992222226, 117.05419701333332 36.64911799222222, 117.05421320777778 36.64888174222222, 117.05421701333333 36.64882599222222, 117.05329701333332 36.64883199222222, 117.05329701333332 36.64885996444444, 117.05329701333332 36.64967699222222, 117.05406501333333 36.649936992222216, 117.05446801333332 36.649945992222214))"
G00AOI000006IQ15,桔子酒店(济南文化东路店),3930,117.059835,36.65538,10191.06032,2021/5/24 17:35,2021/5/24 17:35,"POLYGON ((117.06051101333333 36.65502099222222, 117.06047201333332 36.655016992222215, 117.05904601333333 36.65502399222222, 117.05902101333334 36.65502599222222, 117.05900501333332 36.655035992222224, 117.05899501333333 36.65504999222222, 117.05899301333334 36.65507099222222, 117.05900401333334 36.65557199222223, 117.05900601333335 36.655589992222225, 117.05901401333333 36.655601992222216, 117.05902801333333 36.65560899222222, 117.05906001333334 36.655612992222224, 117.05949301333334 36.655615992222224, 117.05951201333333 36.65561799222222, 117.05952201333334 36.65562499222222, 117.05953001333333 36.65563999222222, 117.05953201333332 36.655747992222224, 117.05953801333332 36.65576099222222, 117.05955101333332 36.65577399222222, 117.05957601333333 36.655781992222224, 117.06047001333333 36.65579499222222, 117.06051901333333 36.65578699222222, 117.06054901333333 36.655772992222225, 117.06057001333333 36.65575199222222, 117.06058701333333 36.65573499222222, 117.06059501333334 36.65571299222222, 117.06057101333333 36.65508899222222, 117.06056101333334 36.655055992222216, 117.06054601333334 36.655035992222224, 117.06051101333333 36.65502099222222))"
G00AOI00000P17V4,山东中医药大学千佛山校区学生宿舍,3110,117.045386,36.651868,9853.80773,2023/4/25 10:11,2023/4/25 10:11,"POLYGON ((117.04752001333334 36.65241999222222, 117.04752301333333 36.65218699222222, 117.04603801333333 36.652173992222224, 117.04603301333333 36.65228299222222, 117.04580601333333 36.652237992222226, 117.04568101333334 36.65214399222222, 117.04568701333334 36.65131399222222, 117.04508201333331 36.65131199222222, 117.04509801333333 36.652423992222225, 117.04752001333334 36.65241999222222))"
G00AOI000001XMDX,普利·文东花园,3110,117.062832,36.654045,9512.650747,2015/7/21 20:11,2019/5/27 9:45,"POLYGON ((117.06324401333333 36.654675992222224, 117.06325601333332 36.65341899222222, 117.06241301333333 36.653425992222225, 117.06241201333333 36.654664992222216, 117.06324401333333 36.654675992222224))"
G00AOI000006NFD9,大众日报第二宿舍,3110,117.038772,36.653373,9463.267853,2021/9/7 14:15,2023/3/15 14:15,"POLYGON ((117.03959701333333 36.65367799222222, 117.03959901333334 36.653054992222216, 117.03791201333334 36.65306499222223, 117.03799601333333 36.65370599222222, 117.03959701333333 36.65367799222222))"
G00AOI000001X5S2,山东广播电视大学(千佛山校区),3410,117.02593,36.646293,9238.196166,2015/7/21 20:11,2019/6/19 10:15,"POLYGON ((117.02640301333332 36.64578699222222, 117.02534901333333 36.64578499222222, 117.02536101333332 36.64612799222222, 117.02567601333334 36.64686699222222, 117.02641201333334 36.64686699222222, 117.02640401333333 36.646319992222224, 117.02640301333332 36.64578699222222))"
G00AOI000006GQG4,山东警察学院山大路宿舍,3110,117.056513,36.654032,9216.972261,2021/4/29 21:12,2023/10/11 8:48,"POLYGON ((117.05702801333332 36.653550992222215, 117.05597801333332 36.65354799222222, 117.05599901333333 36.65451699222222, 117.05705001333334 36.65450999222222, 117.05702801333332 36.653550992222215))"
G00AOI000001WWRL,大众日报社第三宿舍东区,3110,117.051001,36.644626,9212.435333,2015/7/21 20:11,2023/4/12 16:50,"POLYGON ((117.05156801333334 36.64502299222222, 117.05174801333332 36.644696992222215, 117.05175001333333 36.64468699222222, 117.05174901333334 36.64467899222222, 117.05174601333333 36.64467099222222, 117.05174001333333 36.64466499222222, 117.05162201333333 36.64461899222223, 117.05161201333333 36.644611992222224, 117.05160701333334 36.64460499222222, 117.05160701333334 36.644594992222224, 117.05161101333333 36.64458499222222, 117.05174501333335 36.64428799222222, 117.05174501333335 36.644279992222216, 117.05174301333334 36.64427299222222, 117.05173501333333 36.64426899222222, 117.05172801333335 36.64426699222222, 117.05029001333334 36.644250992222226, 117.05028001333334 36.64425299222222, 117.05027301333334 36.64425499222222, 117.05026701333333 36.64426099222222, 117.05026401333333 36.64426699222222, 117.05026901333333 36.64460699222222, 117.05027301333334 36.64461799222222, 117.05028101333333 36.64462999222222, 117.05028601333333 36.644633992222225, 117.05029501333333 36.64463799222222, 117.05043701333334 36.64463299222222, 117.05044601333334 36.64463299222222, 117.05045201333334 36.644633992222225, 117.05045701333333 36.644640992222214, 117.05045901333332 36.644648992222216, 117.05046301333334 36.644873992222216, 117.05046001333332 36.64487999222222, 117.05045501333333 36.64488299222222, 117.05044801333334 36.64488699222222, 117.05043901333333 36.644887992222216, 117.05032401333334 36.64488699222222, 117.05031401333333 36.64488899222222, 117.05030701333334 36.64489199222222, 117.05029701333333 36.64489999222222, 117.05029201333333 36.64490899222222, 117.05028801333334 36.645008992222216, 117.05156801333334 36.64502299222222))"
G00AOI000006HMVB,山东师范大学千佛山校区音乐学院,3410,117.040671,36.651181,9172.929126,2021/4/29 21:53,2023/2/20 1:20,"POLYGON ((117.04121598555554 36.650729186666666, 117.04120787444444 36.650726908888885, 117.04013881888889 36.65074213111111, 117.04013054111111 36.65074463111111, 117.04012162444444 36.650750381111116, 117.04011445777779 36.65075752, 117.04011131888889 36.65076415888889, 117.04009081888888 36.65159118666667, 117.04009362444444 36.651597797777775, 117.04010048555556 36.651604992222225, 117.04010912444444 36.65161085333333, 117.04011723555556 36.651613408888885, 117.04120393 36.65163788111111, 117.04121206888888 36.651635658888885, 117.04122087444443 36.65163015888889, 117.04122798555557 36.651623269999995, 117.04123098555554 36.65161682555556, 117.04123476333334 36.65074815888889, 117.0412317911111 36.65074168666667, 117.04122473555556 36.65073474222222, 117.04121598555554 36.650729186666666))"
G00AOI00000P0NOI,山东省中医院东院区停车场,3840,117.046798,36.651679,9147.657826,2023/4/20 14:12,2023/4/20 14:12,"POLYGON ((117.04706501333334 36.65131099222222, 117.04600801333332 36.651295992222224, 117.04602801333334 36.65170999222222, 117.04629101333333 36.65171899222222, 117.04629301333333 36.65206699222222, 117.04749301333332 36.652077992222225, 117.04749701333333 36.65138099222222, 117.04707001333333 36.65137799222222, 117.04706501333334 36.65131099222222))"
G00AOI000002FR2B,山东工商大厦,3930,117.064298,36.65297,8885.00745,2016/5/5 13:42,2016/5/24 19:46,"POLYGON ((117.06468801333332 36.65358899222222, 117.06468001333334 36.65282799222222, 117.06465301333333 36.65230499222222, 117.06465001333333 36.652279992222226, 117.06462743 36.65228090888888, 117.06410201333334 36.65230199222222, 117.06398301333333 36.65235599222222, 117.06397801333334 36.65238899222222, 117.06400073555555 36.65276535333333, 117.06400501333333 36.65283599222222, 117.06397801333334 36.652840992222224, 117.06385601333332 36.65283599222222, 117.06388101333332 36.65358499222222, 117.06468801333332 36.65358899222222))"
G00AOI000002GU7X,山师教职工二宿舍,3110,117.043285,36.655871,8846.932747,2016/8/29 13:09,2023/10/10 16:19,"POLYGON ((117.04385101333334 36.65634899222223, 117.04385301333333 36.65542399222222, 117.04345101333334 36.65542399222222, 117.04345101333334 36.65550099222222, 117.04259401333334 36.65549899222222, 117.04260601333333 36.65610499222222, 117.04308601333332 36.656110992222224, 117.04308601333332 36.65633799222222, 117.04385101333334 36.65634899222223))"
G00AOI0000068QS7,山东省输血协会,3520,117.045708,36.647249,8830.546109,2019/1/28 11:55,2019/1/28 11:55,"POLYGON ((117.04644701333334 36.64760099222222, 117.04643601333333 36.64692099222222, 117.04495401333332 36.64692199222222, 117.04495801333333 36.64756499222222, 117.04586901333333 36.64755699222222, 117.04587001333333 36.647591992222225, 117.04644701333334 36.64760099222222))"
G00AOI000002L96M,齐源大厦,3530,117.058061,36.64963,8792.97197,2017/5/23 10:09,2019/10/29 13:30,"POLYGON ((117.05880201333333 36.649522992222224, 117.05751401333332 36.649080992222224, 117.05749301333333 36.649082992222226, 117.05747301333334 36.649086992222216, 117.05744901333334 36.64909999222222, 117.05743901333332 36.64912499222222, 117.05744109666666 36.64922221444444, 117.05745701333333 36.64996299222222, 117.05746301333333 36.64998299222222, 117.05747401333333 36.649993992222214, 117.05749001333334 36.650001992222215, 117.05751401333332 36.65000499222222, 117.05877901333332 36.64998199222222, 117.05880001333333 36.64997899222222, 117.05881901333333 36.64997199222223, 117.05882901333334 36.649955992222225, 117.05883001333332 36.649941992222224, 117.05884615222222 36.64964818666667, 117.05884901333332 36.649595992222224, 117.05884201333335 36.64957099222222, 117.05883301333334 36.64955199222222, 117.05881701333333 36.649533992222224, 117.05880201333333 36.649522992222224))"
G00AOI000002GU7S,燕山公馆,3110,117.060242,36.649205,8635.107799,2016/8/29 13:06,2019/5/25 19:00,"POLYGON ((117.05973801333333 36.64876699222222, 117.05937501333334 36.648618992222225, 117.05927501333335 36.64864299222222, 117.05908101333333 36.64894099222222, 117.06123001333333 36.64984499222222, 117.06133401333334 36.64971199222222, 117.06116101333333 36.64936399222222, 117.06112601333334 36.64931999222222, 117.05973801333333 36.64876699222222))"
G00AOI000001X5TA,山东省广播电视局宿舍,3110,117.024299,36.650257,8545.333957,2015/7/21 20:11,2019/6/11 19:30,"POLYGON ((117.02383601333334 36.65077799222222, 117.02386001333332 36.65076099222222, 117.02476001333332 36.65077099222222, 117.02475909666666 36.65061290888889, 117.02475401333332 36.64973999222222, 117.02469184666667 36.64974074222222, 117.02383801333333 36.64975099222222, 117.02383601333334 36.65077799222222))"
G00AOI000006HI74,省中医院第二宿舍,3110,117.036921,36.647337,8492.087121,2021/4/29 21:45,2021/4/29 21:45,"POLYGON ((117.03739245777778 36.646700492222216, 117.03738420777776 36.64669954777778, 117.03646067999999 36.64687663111111, 117.03645301333333 36.64688052, 117.03644551333335 36.646887658888886, 117.0364400411111 36.64689590888889, 117.03643845777778 36.64690307555555, 117.03668245777777 36.64820496444444, 117.03668659666667 36.64821168666667, 117.03669484666666 36.648218631111106, 117.03670462444444 36.64822424222222, 117.03671342999999 36.648226881111114, 117.03696192999999 36.64823171444444, 117.03698226333334 36.648232103333335, 117.03699031888888 36.64822965888889, 117.03699915222222 36.648224158888894, 117.03700634666667 36.64821738111111, 117.03700945777777 36.648210992222225, 117.03700954111112 36.64820165888889, 117.03701581888889 36.64756443666667, 117.03701790222222 36.64755557555556, 117.03702276333333 36.64754521444445, 117.03702917999999 36.647535408888885, 117.03703601333332 36.64752824222222, 117.0374868188889 36.64720024222222, 117.0374930411111 36.64719318666667, 117.03749840222221 36.64718332555556, 117.03750193 36.647172964444444, 117.03750262444444 36.64716432555555, 117.03741465222222 36.646715908888886, 117.03741037444445 36.646710158888894, 117.0374020688889 36.64670452, 117.03739245777778 36.646700492222216))"
G00AOI000001Y6EE,现代逸城(经十路),3110,117.060134,36.647936,8405.062328,2015/7/21 20:11,2019/7/5 11:55,"POLYGON ((117.06050301333333 36.64795699222222, 117.06046301333333 36.647343992222225, 117.06033501333334 36.64734499222222, 117.06007801333332 36.64719699222222, 117.05977201333334 36.64737199222222, 117.05977301333333 36.64856799222222, 117.06053401333334 36.64855499222222, 117.06050301333333 36.64795699222222))"
G00AOI000002GUU1,舜山园,3110,117.052321,36.647043,8210.834472,2016/8/30 11:49,2019/6/18 12:05,"POLYGON ((117.05275801333333 36.64643399222222, 117.05217401333333 36.64640799222222, 117.05201501333333 36.646722992222216, 117.05190901333333 36.64697199222222, 117.05188401333334 36.64708699222222, 117.05186801333333 36.64730399222222, 117.05189701333333 36.64738899222222, 117.05189101333332 36.64763199222222, 117.05252601333333 36.64763599222222, 117.05266401333333 36.64748099222222, 117.05275801333333 36.64643399222222))"
G00AOI000006LRRL,山东省国土空间生态修复中心,3520,117.058213,36.654371,8134.298267,2021/8/17 14:20,2021/9/2 18:13,"POLYGON ((117.05885401333333 36.65470999222222, 117.05887601333335 36.65402299222222, 117.05756501333332 36.65403499222222, 117.05755501333333 36.654717992222224, 117.05885401333333 36.65470999222222))"
G00AOI000006OSM4,济南市人大宿舍,3110,117.043944,36.649236,7937.94074,2021/9/17 17:00,2021/9/17 17:00,"POLYGON ((117.04479101333334 36.64953299222222, 117.04480201333332 36.64910199222222, 117.04400401333334 36.64911499222222, 117.04400601333334 36.648801992222225, 117.04328601333332 36.64881399222222, 117.04330301333331 36.64956099222222, 117.04479101333334 36.64953299222222))"
G00AOI000002FS3L,山东翰林大酒店,3930,117.041925,36.649246,7838.105566,2016/5/7 9:44,2021/3/15 12:35,"POLYGON ((117.04243601333334 36.648883992222224, 117.04139401333332 36.648880992222225, 117.04137601333333 36.64888299222222, 117.04136979111111 36.64888554777778, 117.04135901333333 36.64888999222222, 117.04133701333333 36.64890499222223, 117.04132901333334 36.648914992222224, 117.04132301333333 36.648930992222226, 117.04133301333333 36.64952599222222, 117.04134501333333 36.64954599222222, 117.04136701333333 36.64956599222222, 117.04138901333333 36.64958299222222, 117.04141501333334 36.64959499222223, 117.04144401333333 36.64960499222222, 117.04147501333333 36.649612992222224, 117.04243901333332 36.649609992222224, 117.04246601333334 36.649603992222225, 117.04249301333333 36.64959399222222, 117.04251801333332 36.64957799222223, 117.04253201333334 36.64954599222222, 117.04250801333333 36.648928992222224, 117.04250676333332 36.64892735333333, 117.04249201333333 36.64890799222222, 117.04246701333332 36.64889299222222, 117.04243601333334 36.648883992222224))"
G00AOI000006BZUA,华特广场,3530,117.031144,36.649224,7794.069603,2019/12/28 10:25,2019/12/28 10:25,"POLYGON ((117.03145401333333 36.648765992222216, 117.03135901333334 36.64876399222222, 117.03070801333334 36.64876499222222, 117.03067201333334 36.64877199222222, 117.03065601333333 36.64877899222222, 117.03064801333333 36.64878699222222, 117.03063801333334 36.64879899222222, 117.03063401333333 36.64881599222222, 117.03063301333333 36.64884499222222, 117.03061093 36.649241769999996, 117.03060101333332 36.64941999222222, 117.03060501333333 36.649434992222226, 117.03061301333334 36.64944699222222, 117.03062101333335 36.649451992222225, 117.03063201333333 36.64945499222222, 117.03065201333332 36.649455992222215, 117.03067715222222 36.649457964444444, 117.03114801333332 36.64949499222222, 117.03116001333333 36.64949799222222, 117.03116801333333 36.64950699222222, 117.03117401333333 36.64951899222222, 117.03117401333333 36.64953299222222, 117.03116801333333 36.64954999222222, 117.03105201333332 36.649919992222216, 117.03105201333332 36.649932992222226, 117.03105401333335 36.64994299222222, 117.03106001333333 36.64995099222222, 117.03107601333332 36.64995999222222, 117.03113501333334 36.64998199222222, 117.03125001333333 36.65001699222222, 117.03126501333334 36.65001799222222, 117.03128201333334 36.65001599222222, 117.03129001333333 36.65001299222222, 117.03130101333333 36.65000299222223, 117.03131201333333 36.64998299222222, 117.03162801333333 36.64914899222222, 117.03169001333333 36.648953992222225, 117.03169101333333 36.64893899222222, 117.03169101333333 36.64891999222222, 117.03168901333333 36.648900992222224, 117.03168201333332 36.64888799222222, 117.03166701333332 36.64886999222222, 117.03165101333333 36.64885499222222, 117.03159201333334 36.648809992222226, 117.03155201333333 36.64878599222222, 117.03153201333333 36.64877599222222, 117.03151401333334 36.64877199222222, 117.03148501333332 36.64876799222222, 117.03145401333333 36.648765992222216))"
G00AOI000006HMBT,山东通信技术学院,3410,117.050057,36.649291,7689.374409,2021/4/29 21:45,2023/10/10 17:37,"POLYGON ((117.05058201333333 36.649103992222216, 117.05060501333332 36.64882599222222, 117.04959101333333 36.64886999222222, 117.04956201333333 36.64896099222222, 117.04959801333332 36.64912199222223, 117.04961801333333 36.649784992222216, 117.05037701333333 36.64979299222222, 117.05044201333332 36.64945499222222, 117.05058201333333 36.649103992222216))"
G00AOI00000P2P5L,冠宇环翠山庄,3110,117.057716,36.646957,7581.489258,2015/7/21 20:11,2023/5/8 14:40,"POLYGON ((117.05803201333333 36.646493992222226, 117.05753801333333 36.646427992222215, 117.05749401333333 36.64647999222222, 117.05697601333333 36.64692999222222, 117.05694601333333 36.64697199222222, 117.05724701333334 36.64698099222222, 117.05722701333333 36.64726999222223, 117.05827809666667 36.647419742222226, 117.05835001333332 36.647429992222214, 117.05834584666667 36.64734899222222, 117.05832801333332 36.64700199222222, 117.05800801333335 36.64689099222222, 117.05803201333333 36.646493992222226))"
G00AOI000006H0OJ,历山路劳动厅宿舍,3110,117.038383,36.649828,7555.499082,2021/4/29 21:24,2021/4/29 21:24,"POLYGON ((117.03911448555556 36.649779297777776, 117.03912215222223 36.649778436666665, 117.03913226333334 36.64977902, 117.03914234666667 36.649779575555556, 117.03915004111111 36.64977874222222, 117.03915773555556 36.649775103333326, 117.03916662444445 36.649769436666666, 117.03917420777776 36.64976290888889, 117.03917793000001 36.64975668666667, 117.03918612444444 36.64956618666667, 117.03918309666666 36.64955982555555, 117.03917634666666 36.64955279777778, 117.03916795777778 36.64954713111111, 117.03916006888889 36.64954477, 117.03773665222224 36.64955521444444, 117.03772868 36.64955768666667, 117.03772026333334 36.64956349222222, 117.03771337444445 36.64957063111111, 117.03771004111111 36.649577047777775, 117.03771212444444 36.64969918666667, 117.03770870777778 36.64970596444444, 117.03770179111112 36.64971349222222, 117.03769348555555 36.64972015888888, 117.03768584666668 36.64972432555555, 117.03767065222223 36.64972729777777, 117.03765093 36.64972890888889, 117.03763117999999 36.64973054777777, 117.03761595777777 36.649733492222225, 117.03760806888889 36.649737631111115, 117.03759940222223 36.649744214444446, 117.03759226333334 36.64975174222222, 117.03758898555554 36.649758631111105, 117.03758398555556 36.650070075555554, 117.03758701333334 36.65007663111111, 117.03759392999999 36.650083825555555, 117.03760251333333 36.65008965888889, 117.03761062444443 36.65009218666667, 117.03902568 36.65011740888888, 117.03905084666667 36.650117853333334, 117.03905904111112 36.65011560333333, 117.03906787444444 36.65011007555555, 117.03907509666666 36.65010313111111, 117.03907568 36.65010202, 117.03907843 36.650096686666664, 117.03908690222222 36.64980135333333, 117.03909042999999 36.64979510333333, 117.03909792999998 36.649788575555554, 117.03910681888888 36.64978290888889, 117.03911448555556 36.649779297777776))"
G00AOI00000V5VHE,山东师范大学千佛山校区篮球场,3510,117.039376,36.652106,7477.171763,2023/8/15 16:18,2023/8/15 16:18,"POLYGON ((117.03968601333334 36.65148399222222, 117.03903501333332 36.65148399222222, 117.03905101333334 36.652717992222215, 117.03973001333333 36.65272099222222, 117.03968601333334 36.65148399222222))"
G00AOI0000063U9Z,恒大中环广场,3320,117.054164,36.655396,7467.283352,2018/4/21 17:24,2018/4/21 17:24,"POLYGON ((117.05420701333333 36.65505499222222, 117.05386901333333 36.65503499222223, 117.05368401333334 36.655038992222224, 117.05361401333333 36.655060992222225, 117.05360601333332 36.655066992222224, 117.05356901333334 36.65517499222222, 117.05356901333334 36.655753992222216, 117.05464454111112 36.65572043666666, 117.05478701333334 36.65571599222223, 117.05478018000001 36.65549735333333, 117.05476801333333 36.65510799222223, 117.05473001333331 36.65506499222222, 117.05438701333333 36.65506499222222, 117.05420701333333 36.65505499222222))"
G00AOI000006CZB2,济南人民广播电台,3480,117.025726,36.643105,7156.797279,2020/5/6 17:00,2021/1/10 2:30,"POLYGON ((117.02613301333334 36.64273499222222, 117.02609901333332 36.64273199222222, 117.02520101333333 36.64275599222222, 117.02518101333334 36.642757992222215, 117.02516701333333 36.642762992222224, 117.02515301333332 36.64277399222222, 117.02514501333334 36.64278299222222, 117.02513901333333 36.642801992222225, 117.02513901333333 36.64282899222222, 117.02513901333333 36.642849992222224, 117.02521301333333 36.643263992222224, 117.02524101333334 36.64344199222222, 117.02524701333333 36.643457992222224, 117.02525201333334 36.64346899222222, 117.02526001333334 36.64347599222222, 117.02526901333334 36.64348099222222, 117.02528701333333 36.643482992222225, 117.02623901333334 36.643465992222225, 117.02625401333333 36.64346399222222, 117.02626801333332 36.64345899222222, 117.02627801333334 36.64345099222222, 117.02628101333332 36.643443992222224, 117.02625801333333 36.64284399222222, 117.02625501333333 36.64282599222222, 117.02624601333333 36.642807992222224, 117.02623101333334 36.64278699222222, 117.02620901333333 36.642765992222216, 117.02618501333332 36.642750992222226, 117.02615701333333 36.64273999222222, 117.02613301333334 36.64273499222222))"
G00AOI0000079EMW,创新大厦,3530,117.027762,36.649245,6927.875801,2022/4/7 15:35,2022/4/7 15:35,"POLYGON ((117.02861201333333 36.64951899222222, 117.02868701333333 36.649074992222225, 117.02791501333333 36.64898999222222, 117.02789701333334 36.64909499222222, 117.02680601333333 36.64900299222222, 117.02674601333332 36.649369992222226, 117.02861201333333 36.64951899222222))"
G00AOI000001X5RU,山东工艺美院第2宿舍,3110,117.041822,36.645015,6899.593947,2015/7/21 20:11,2019/7/17 16:45,"POLYGON ((117.04295701333334 36.64437899222222, 117.04268401333333 36.64435799222222, 117.04185501333333 36.64482999222222, 117.04098901333333 36.64529099222222, 117.04085501333333 36.64535899222222, 117.04069201333331 36.64546599222222, 117.04067301333332 36.64557099222222, 117.04072801333334 36.64567699222222, 117.04085101333334 36.645708992222225, 117.04157243 36.64532235333333, 117.04293701333333 36.64459099222222, 117.04295001333334 36.64445304777778, 117.04295701333334 36.64437899222222))"
G00AOI000006WJKI,山东省经信委宿舍,3110,117.026251,36.649917,6884.517875,2021/12/6 14:40,2021/12/6 14:40,"POLYGON ((117.02645501333335 36.648840992222226, 117.02606601333333 36.64883699222222, 117.02610401333332 36.65112899222222, 117.02637501333332 36.65113299222222, 117.02645501333335 36.648840992222226))"
G00AOI00000630F4,济南市博物馆(经十一路),3420,117.026936,36.645208,6857.523834,2018/2/28 13:04,2019/9/20 13:55,"POLYGON ((117.02740301333333 36.645604992222225, 117.02741101333334 36.644805992222224, 117.02740401333334 36.64479799222222, 117.02738901333333 36.644794992222224, 117.02697401333332 36.64479199222222, 117.02696001333334 36.644796992222226, 117.02695201333334 36.64480699222222, 117.02695201333334 36.644844992222225, 117.02694501333333 36.64485599222222, 117.02693301333333 36.64485999222222, 117.02664456888888 36.644852103333335, 117.02645701333334 36.64484699222222, 117.02643401333333 36.644853992222224, 117.02642401333333 36.64486499222222, 117.02641801333333 36.64487999222222, 117.02641348555555 36.645358269999996, 117.02641301333333 36.64540899222222, 117.02641801333333 36.64541999222222, 117.02643201333333 36.645425992222215, 117.02654701333333 36.645421992222225, 117.02655601333332 36.645427992222224, 117.02655901333333 36.645438992222225, 117.02656401333333 36.64559899222222, 117.02657001333334 36.64560999222222, 117.02658601333333 36.645612992222226, 117.02737601333334 36.64561599222222, 117.02739101333333 36.645612992222226, 117.02740301333333 36.645604992222225))"
G00AOI00001NHOLH,燕子山路55号院,3110,117.063675,36.652439,6826.484328,2025/1/2 9:22,2025/1/2 9:22,"POLYGON ((117.06462743 36.65228090888888, 117.06462701333334 36.652237992222226, 117.06406501333333 36.65223999222222, 117.06405701333334 36.65216499222222, 117.06305201333333 36.65211799222222, 117.06300601333332 36.652662992222226, 117.06334101333333 36.65268099222222, 117.06335701333333 36.652775992222224, 117.06338901333334 36.652808992222226, 117.06341601333332 36.65281399222222, 117.06395801333332 36.65283099222223, 117.06400001333333 36.652808992222226, 117.06400073555555 36.65276535333333, 117.06400601333334 36.65245199222222, 117.06462901333335 36.65244299222222, 117.06462743 36.65228090888888))"
G00AOI000002FS3X,华兴大酒店,3930,117.055117,36.654361,6760.496368,2016/5/7 9:50,2021/2/2 10:15,"POLYGON ((117.05560301333333 36.65400599222222, 117.05557201333333 36.65400599222222, 117.05464701333332 36.654016992222225, 117.05461901333334 36.654019992222224, 117.05459201333333 36.654033992222224, 117.05457901333332 36.65405199222222, 117.05457501333333 36.65407699222222, 117.05459601333332 36.65464099222222, 117.05460301333333 36.654669992222225, 117.05462401333332 36.65469699222222, 117.05465601333333 36.65471199222222, 117.05469501333334 36.654717992222224, 117.05552801333332 36.654714992222225, 117.05556501333334 36.654708992222226, 117.05559101333334 36.654697992222225, 117.05561301333333 36.65468599222222, 117.05562901333333 36.65466799222222, 117.05564001333335 36.654649992222225, 117.05564701333333 36.65460999222223, 117.05564801333333 36.65405499222222, 117.05564501333333 36.654027992222225, 117.05562601333332 36.65401299222222, 117.05560301333333 36.65400599222222))"
G00AOI000006L61G,华兴大厦(文化东路),3930,117.055117,36.65436,6565.640532,2021/8/4 16:45,2021/8/4 16:45,"POLYGON ((117.05561401333333 36.654014992222216, 117.05558801333332 36.65400999222222, 117.05465501333333 36.65402099222222, 117.05463701333333 36.65402199222222, 117.05462201333333 36.654024992222226, 117.05460901333333 36.65403099222222, 117.05460001333333 36.65403799222222, 117.05459101333334 36.65404399222222, 117.05458501333332 36.65405199222222, 117.05458201333335 36.654064992222224, 117.05458201333335 36.65407699222222, 117.05460501333333 36.654647992222216, 117.05461301333332 36.654666992222225, 117.05462801333333 36.65468599222222, 117.05464601333334 36.65469899222222, 117.05466801333333 36.654705992222226, 117.05468501333333 36.65470999222222, 117.05470001333333 36.65471199222222, 117.05553001333332 36.65470799222222, 117.05555401333334 36.654705992222226, 117.05557701333332 36.65469899222222, 117.05560101333333 36.65468799222222, 117.05562101333334 36.65467099222222, 117.05562801333332 36.65465499222222, 117.05563601333333 36.65463199222222, 117.05564301333332 36.65405199222222, 117.05563801333334 36.654033992222224, 117.05562901333333 36.65402399222222, 117.05561401333333 36.654014992222216))"
G00AOI000002LHS3,三庆·汇文轩,3110,117.038962,36.64915,6551.18789,2017/6/6 15:23,2023/11/9 11:14,"POLYGON ((117.03956401333332 36.64919899222222, 117.03964101333332 36.64903799222222, 117.03964501333333 36.64879099222222, 117.03878845777777 36.64877624222222, 117.03877401333332 36.64877599222222, 117.03876501333333 36.64902646444445, 117.03876201333333 36.64910999222222, 117.03863301333334 36.64915599222222, 117.03808601333333 36.64915299222223, 117.03808901333335 36.64943799222222, 117.03904201333333 36.64944699222222, 117.03910101333332 36.64949499222222, 117.03927101333333 36.64949399222222, 117.03930801333333 36.649426992222224, 117.03938801333334 36.649291992222224, 117.03956401333332 36.64919899222222))"
G00AOI000002FRQ6,学府大酒店,3930,117.032337,36.649379,6547.902371,2016/5/6 14:26,2021/3/9 16:05,"POLYGON ((117.03261501333334 36.648900992222224, 117.03227801333334 36.64889099222222, 117.03223201333333 36.64889499222222, 117.03215801333333 36.64891199222222, 117.03211101333332 36.64894299222222, 117.03208601333334 36.64897799222222, 117.03206201333333 36.64901199222222, 117.03178201333334 36.649728992222215, 117.03178001333332 36.64974499222222, 117.03178701333333 36.64975699222222, 117.03179501333332 36.64976299222222, 117.03181601333333 36.64976699222222, 117.03267201333333 36.64981799222222, 117.03269201333333 36.64981799222222, 117.03270701333334 36.64981099222222, 117.03271601333333 36.64980099222222, 117.03272001333335 36.64978399222222, 117.03275301333332 36.64939199222222, 117.03275801333334 36.649066992222224, 117.03275601333334 36.649032992222224, 117.03274101333334 36.64899899222222, 117.03272201333334 36.64896999222223, 117.03268901333333 36.64893899222222, 117.03265601333334 36.64891299222222, 117.03261501333334 36.648900992222224))"
G00AOI000001YNW3,融基·竹园馨居,3110,117.054641,36.650866,6037.022406,2015/7/21 20:11,2019/6/14 19:05,"POLYGON ((117.05519401333333 36.65066699222222, 117.05479501333333 36.65052699222222, 117.05413001333335 36.65053399222222, 117.05412401333334 36.65118599222222, 117.05518401333333 36.65117299222222, 117.05519401333333 36.65066699222222))"
G00AOI000002GVCO,山东省千佛山医院第三宿舍,3110,117.041908,36.64608,6029.077094,2016/8/30 17:16,2019/7/17 9:50,"POLYGON ((117.04271201333333 36.64614899222222, 117.04271401333334 36.64585999222223, 117.04110001333332 36.645877992222225, 117.04110201333333 36.64610399222222, 117.04119901333334 36.64609899222222, 117.04120401333331 36.64630999222222, 117.04254501333334 36.64630799222222, 117.04254801333332 36.646156992222224, 117.04271201333333 36.64614899222222))"
G00AOI00001MIBAB,师东村3号,3110,117.046091,36.652763,5980.344932,2024/6/20 10:02,2024/6/20 10:02,"POLYGON ((117.04613401333333 36.65304399222222, 117.04612801333333 36.65271199222222, 117.04662301333333 36.652687992222226, 117.04775701333332 36.65267299222222, 117.04774001333332 36.65254099222222, 117.04549401333333 36.65255999222222, 117.04548001333333 36.652812992222216, 117.04503401333334 36.65280199222222, 117.04502801333334 36.65306499222223, 117.04613401333333 36.65304399222222))"
G00AOI000002GU10,山东省水产企业集团总公司宿舍,3110,117.03828,36.644803,5870.780618,2016/8/29 8:58,2019/7/10 14:40,"POLYGON ((117.03866101333332 36.64522399222222, 117.03865801333333 36.64437499222222, 117.03788801333333 36.644385992222226, 117.03788601333333 36.64442499222222, 117.03791701333333 36.64523699222222, 117.03866101333332 36.64522399222222))"
G00AOI000006GWEG,山东中医药大学一宿舍,3110,117.046039,36.646286,5752.087297,2021/4/29 21:24,2021/4/29 21:24,"POLYGON ((117.04644229111109 36.64592582555556, 117.04563923555556 36.64590521444445, 117.04563112444445 36.64590743666667, 117.04562229111112 36.64591288111111, 117.04561512444444 36.64591974222222, 117.0456120411111 36.64592615888889, 117.04560476333333 36.646603408888886, 117.04560762444443 36.64661029777778, 117.04561448555556 36.64661782555555, 117.04562312444445 36.64662407555555, 117.04563137444444 36.64662707555556, 117.04642545777777 36.64668740888889, 117.04643348555555 36.64668557555555, 117.04644237444445 36.646680520000004, 117.04644962444443 36.64667399222222, 117.0464528188889 36.646667825555554, 117.04646879111111 36.64594815888889, 117.04646593 36.64594152, 117.0464590411111 36.64593432555556, 117.04645043000001 36.64592846444444, 117.04644229111109 36.64592582555556))"
G00AOI000002G3AX,山东新华电脑学院东校区,3410,117.059234,36.655814,5680.275137,2016/6/6 14:18,2019/5/15 9:50,"POLYGON ((117.06047101333333 36.656003992222224, 117.06047501333333 36.65593499222222, 117.06054201333335 36.65593699222222, 117.06054701333332 36.65580599222222, 117.05952154111111 36.65578543666667, 117.05890001333333 36.655772992222225, 117.0588968188889 36.65564677, 117.05889101333334 36.65541799222222, 117.05842901333332 36.65541599222222, 117.05842101333333 36.65600299222222, 117.0584698188889 36.65600302, 117.05952981888889 36.65600352, 117.06047101333333 36.656003992222224))"
G00AOI000006Y1A2,山东建工宿舍,3110,117.056252,36.644566,5568.590252,2021/12/17 11:05,2021/12/17 11:05,"POLYGON ((117.05661001333333 36.64413399222222, 117.05591001333333 36.64412099222223, 117.05589801333333 36.64499899222222, 117.05658801333333 36.64501599222222, 117.05661001333333 36.64413399222222))"
G00AOI00001JL3XX,东方红广场,3320,117.041963,36.653898,5382.16209,2024/3/14 16:01,2024/3/14 16:01,"POLYGON ((117.04209701333335 36.65330099222222, 117.04198401333335 36.65326399222222, 117.04189601333333 36.65327299222223, 117.04181001333332 36.65331499222222, 117.04172701333333 36.65339399222222, 117.04170501333333 36.65345399222222, 117.04170401333333 36.65446799222222, 117.04224101333332 36.65445799222223, 117.04220801333334 36.653473992222224, 117.04216901333334 36.653391992222225, 117.04209701333335 36.65330099222222))"
G00AOI000002LE3L,山东凯旋商务中心,3530,117.03844,36.654039,5338.908827,2017/5/31 13:59,2019/6/24 16:25,"POLYGON ((117.03867001333332 36.654371992222224, 117.03866901333333 36.65412599222222, 117.03883048555555 36.65412629777777, 117.03918301333334 36.65412699222222, 117.03918501333334 36.65388399222222, 117.03863701333334 36.65387399222222, 117.03863201333333 36.65372599222222, 117.03800059666666 36.65373040888888, 117.03791901333332 36.65373099222222, 117.03798001333334 36.654374992222216, 117.03867001333332 36.654371992222224))"
G00AOI000006IV8E,济南市历下区教育和体育局,3520,117.057299,36.654121,5249.476279,2021/5/29 17:30,2023/10/11 8:52,"POLYGON ((117.05755601333333 36.653802992222225, 117.05753301333333 36.65354799222222, 117.05703601333332 36.65355199222222, 117.05706101333332 36.654695992222216, 117.05754501333334 36.65470799222222, 117.05755601333333 36.653802992222225))"
G00AOI000002L7OR,山东大东科技城,3530,117.05641,36.655315,5240.174893,2017/5/19 17:40,2018/6/22 21:42,"POLYGON ((117.05691401333333 36.65498399222222, 117.05601501333334 36.65497699222222, 117.05599401333333 36.65580299222222, 117.05632301333333 36.655801992222216, 117.05632901333334 36.65551299222222, 117.05691001333332 36.65551099222222, 117.05691401333333 36.65498399222222))"
G00AOI000006QVLO,千佛山风景名胜区北门停车场,3840,117.034176,36.645327,5185.376809,2021/10/19 9:55,2023/2/10 23:01,"POLYGON ((117.03466501333334 36.64501699222222, 117.03386101333334 36.64499799222222, 117.03376001333332 36.64519799222222, 117.03370201333333 36.645416992222216, 117.03346601333334 36.64558399222222, 117.03462001333334 36.64564099222222, 117.03466501333334 36.64501699222222))"
G00AOI00001LJDFR,山东师范大学千佛山校区足球场,3510,117.043311,36.652067,5165.663696,2024/4/25 17:52,2024/4/25 17:52,"POLYGON ((117.04395901333334 36.651854992222226, 117.04265101333333 36.65184599222223, 117.04266401333334 36.65228299222222, 117.04397801333333 36.652283992222216, 117.04395901333334 36.651854992222226))"
G00AOI000006E1WY,羊头峪东沟24号院,3110,117.052247,36.650912,5002.056694,2020/9/3 19:20,2023/7/13 4:14,"POLYGON ((117.05264701333334 36.65082699222222, 117.05261301333334 36.65054799222222, 117.05192201333334 36.65055199222222, 117.05186501333333 36.65085599222222, 117.05183601333333 36.65095399222222, 117.05181701333333 36.65105099222222, 117.05179901333334 36.65124899222222, 117.05264701333334 36.65124899222222, 117.05264701333334 36.65082699222222))"
G00AOI00001393GX,济南金阳光红旗体验中心公司,3220,117.025062,36.64159,4988.3731,2023/10/23 17:02,2023/10/23 17:02,"POLYGON ((117.02547101333333 36.64197599222222, 117.02546101333334 36.641262992222224, 117.02475979111111 36.641286575555554, 117.02448001333333 36.64129599222222, 117.02449801333333 36.64148599222222, 117.02462601333333 36.64154499222222, 117.02473604111111 36.64167468666667, 117.02477701333332 36.64172299222222, 117.02490801333333 36.641972992222215, 117.02547101333333 36.64197599222222))"
G00AOI000002LFLJ,金马大厦(山大路),3530,117.056491,36.650347,4812.848128,2017/6/2 11:29,2020/9/30 15:55,"POLYGON ((117.05701501333333 36.650563992222224, 117.05697701333334 36.65010899222222, 117.05696801333332 36.650093992222224, 117.05696001333334 36.65008699222222, 117.05694601333333 36.65008099222222, 117.05692601333334 36.650076992222225, 117.05610501333334 36.65007499222222, 117.05608701333333 36.65007799222222, 117.05607801333333 36.650082992222224, 117.05607001333333 36.65008999222222, 117.05606601333334 36.65009999222222, 117.05606301333333 36.65020099222222, 117.05597301333334 36.65019999222222, 117.05596601333333 36.650583992222224, 117.05596901333332 36.65059399222222, 117.05597401333333 36.65060399222222, 117.05598601333332 36.65060799222222, 117.05600101333333 36.65060899222222, 117.05698601333334 36.650597992222224, 117.05700101333333 36.65059499222222, 117.05700901333333 36.65059099222222, 117.05701501333333 36.65057799222222, 117.05701501333333 36.650563992222224))"
G00AOI00001LJ8FG,联通宿舍,3110,117.030977,36.647301,4705.345226,2024/4/19 10:21,2024/4/19 10:21,"POLYGON ((117.03142601333332 36.64756599222222, 117.03147201333334 36.64702699222222, 117.03052001333333 36.64702799222222, 117.03049101333333 36.64757399222222, 117.03112101333332 36.64757999222222, 117.03142601333332 36.64756599222222))"
G00AOI000006E6R1,金马大厦酒店(山大路),3930,117.05649,36.650346,4683.661712,2020/9/30 15:55,2020/9/30 15:55,"POLYGON ((117.05700901333333 36.65056299222222, 117.05697201333332 36.65012199222222, 117.05696601333332 36.65010499222222, 117.05696201333333 36.65009699222222, 117.05695001333332 36.650088992222216, 117.05692101333332 36.65007999222222, 117.05612001333334 36.65007899222222, 117.05609701333333 36.65008199222222, 117.05608301333334 36.65008699222222, 117.05607501333334 36.65009299222222, 117.05606901333334 36.650107992222225, 117.05606901333334 36.650203992222224, 117.05597701333333 36.650202992222226, 117.05597001333332 36.65057299222222, 117.05597401333333 36.65059099222222, 117.05598601333332 36.65059999222222, 117.05599701333334 36.65060399222222, 117.05601301333333 36.65060499222222, 117.05697401333332 36.65059199222222, 117.05699301333333 36.650586992222216, 117.05700101333333 36.65058199222222, 117.05700801333333 36.650574992222225, 117.05700901333333 36.65056299222222))"
G00AOI00000XZKK6,中国联通(济南市千佛山营业厅),4000,117.030879,36.647885,4669.909859,2023/9/5 14:52,2023/9/5 14:52,"POLYGON ((117.03047012444443 36.64758629777778, 117.03043701333333 36.64758599222222, 117.03045601333334 36.64818199222222, 117.03046206888888 36.64818199222222, 117.03125501333334 36.64818299222222, 117.03130101333333 36.648166992222215, 117.03131901333333 36.648128992222226, 117.03131101333332 36.64761499222222, 117.03127101333334 36.64759399222222, 117.03047012444443 36.64758629777778))"
G00AOI000001W3TX,东方花园,3110,117.042215,36.64544,4654.547101,2015/7/21 20:11,2023/7/15 20:26,"POLYGON ((117.04267501333334 36.645002992222224, 117.04263301333333 36.64492699222222, 117.04215001333334 36.645169992222215, 117.04214301333333 36.64537299222222, 117.04211101333333 36.64544199222222, 117.04165001333332 36.64546899222222, 117.04161101333332 36.645500992222225, 117.04131801333334 36.64564699222222, 117.04137101333333 36.64570999222222, 117.04261601333333 36.64569399222222, 117.04266201333334 36.64565999222223, 117.04267501333334 36.645002992222224))"
G00AOI00001NJPNW,燕子山西路8号院,3110,117.056158,36.646852,4646.920329,2025/9/3 14:31,2025/9/3 14:31,"POLYGON ((117.05599501333332 36.64635499222222, 117.05585001333333 36.64635499222222, 117.05584501333334 36.64722999222222, 117.05652801333333 36.64724299222222, 117.05652401333332 36.646708992222216, 117.05605001333333 36.64636599222222, 117.05599501333332 36.64635499222222))"
G00AOI000006B5S7,山东新中鲁中医院,3610,117.04539,36.644551,4571.257835,2019/6/25 15:20,2019/6/25 15:20,"POLYGON ((117.04582501333333 36.64426599222222, 117.04496001333332 36.64425299222222, 117.04496201333333 36.64483999222222, 117.04497401333333 36.64484013111111, 117.04520609666666 36.64484257555556, 117.04581401333333 36.644848992222215, 117.04582501333333 36.64426599222222))"
G00AOI00000P1MIH,大润发历下店停车场,3840,117.036983,36.655844,4529.174072,2023/4/27 11:48,2023/4/27 11:48,"POLYGON ((117.03760901333334 36.65598599222222, 117.03767001333333 36.65593099222222, 117.03770801333332 36.655849992222215, 117.03770801333332 36.65580299222222, 117.03763801333332 36.655299992222226, 117.03762601333334 36.65526999222222, 117.03760901333334 36.65523899222222, 117.03757701333335 36.65520999222222, 117.03752701333333 36.65517599222222, 117.03745801333334 36.655176992222216, 117.03749301333333 36.65581999222223, 117.03743501333332 36.65583999222222, 117.03603801333333 36.65580599222222, 117.03604301333334 36.65601699222222, 117.03619201333333 36.65602299222222, 117.03620301333333 36.655958992222224, 117.03628401333333 36.655966992222226, 117.03629201333332 36.65615099222222, 117.03760901333334 36.65598599222222))"
G00AOI000002GUOU,山东省路桥集团有限公司宿舍,3110,117.044186,36.644518,4525.71108,2016/8/30 10:40,2019/7/11 9:35,"POLYGON ((117.04458201333334 36.644481992222225, 117.04457901333332 36.64413999222222, 117.04401101333333 36.64414299222222, 117.04378601333333 36.64425599222222, 117.04384101333332 36.64432899222222, 117.04384801333333 36.64490599222222, 117.04459201333333 36.64490399222222, 117.04459601333332 36.64472499222222, 117.04432301333333 36.64472299222222, 117.04431601333333 36.64448299222222, 117.04458201333334 36.644481992222225))"
G00AOI000001XFWN,文东裕华园,3110,117.063951,36.655744,4511.417709,2015/7/21 20:11,2024/1/26 15:42,"POLYGON ((117.06423001333334 36.655333992222225, 117.06361601333333 36.655324992222226, 117.06361801333334 36.65589799222222, 117.06377029111111 36.65602218666667, 117.06413301333332 36.65631799222222, 117.06419512444444 36.65631799222222, 117.06422001333333 36.65631799222222, 117.06423301333332 36.65568699222222, 117.06423001333334 36.655333992222225))"
G00AOI000006CBOZ,山东省司法厅,3520,117.052899,36.649135,4470.903895,2020/2/25 16:15,2022/1/29 6:05,"POLYGON ((117.05327801333333 36.64882399222222, 117.05253901333333 36.64881699222222, 117.05252601333333 36.64882099222222, 117.05252001333334 36.64882899222222, 117.05252001333334 36.64884152, 117.05252001333334 36.648852992222224, 117.05249201333334 36.64938799222222, 117.05249301333333 36.64941499222222, 117.05250001333334 36.649426992222224, 117.05251701333334 36.64943699222222, 117.05253301333332 36.64944299222223, 117.05255201333334 36.64944299222223, 117.05322101333334 36.64944899222222, 117.05325201333332 36.64944899222222, 117.05328201333333 36.64944199222222, 117.05329201333333 36.64943099222222, 117.05329201333333 36.64942599222223, 117.05329201333333 36.64941499222222, 117.05329201333333 36.648859853333335, 117.05329201333333 36.648847992222215, 117.05329101333334 36.64883699222222, 117.05328701333333 36.64882799222222, 117.05327801333333 36.64882399222222))"
G00AOI000006WMUI,千佛山西路农业银行宿舍,3110,117.027039,36.641219,4464.255497,2021/12/7 11:05,2021/12/7 11:05,"POLYGON ((117.02750801333333 36.64098499222222, 117.02659401333332 36.640930992222216, 117.02654501333333 36.64145999222222, 117.02752401333333 36.64149099222222, 117.02750801333333 36.64098499222222))"
G00AOI000006PL0N,省纺织厅第三宿舍,3110,117.050801,36.653094,4295.888588,2021/4/29 21:45,2024/4/18 11:10,"POLYGON ((117.05117501333334 36.65276499222222, 117.05046601333332 36.65275599222222, 117.05043901333333 36.652991992222226, 117.05036901333334 36.65332299222222, 117.05071201333332 36.65332699222222, 117.05071501333333 36.65348899222222, 117.05110201333332 36.65348299222222, 117.05117501333334 36.65276499222222))"
G00AOI0000105PRG,山东师范大学千佛山校区学生公寓5号楼,3110,117.040689,36.650413,4292.266326,2023/9/25 13:54,2023/9/25 13:54,"POLYGON ((117.04126501333334 36.650613992222226, 117.04126301333334 36.65020699222222, 117.04011201333333 36.65020799222222, 117.04012401333334 36.65062399222222, 117.04126501333334 36.650613992222226))"
G00AOI000001XV0L,汇东星座,3110,117.061908,36.655259,4261.581765,2015/7/21 20:11,2020/10/15 10:25,"POLYGON ((117.06232701333333 36.65553499222222, 117.06233901333333 36.65498399222222, 117.06154701333332 36.65498499222222, 117.06151801333333 36.65498699222223, 117.06149201333332 36.65500099222222, 117.06148201333333 36.65502399222222, 117.06147901333334 36.655533992222225, 117.06232701333333 36.65553499222222))"
G00AOI000002LDV7,第一大道,3530,117.051235,36.64795,4231.820972,2017/5/31 10:56,2021/3/11 9:50,"POLYGON ((117.05160601333334 36.647670992222224, 117.05090101333333 36.64766599222222, 117.05083401333334 36.64766699222222, 117.05081601333332 36.64768099222222, 117.05081101333333 36.64769499222223, 117.05084501333334 36.64822099222222, 117.05086301333333 36.648236992222216, 117.05093101333333 36.64824299222222, 117.05157601333333 36.648233992222224, 117.05160201333334 36.64822899222222, 117.05162501333334 36.648210992222225, 117.05164201333334 36.64818099222222, 117.05165301333334 36.64770899222222, 117.05163701333332 36.647687992222224, 117.05162501333334 36.64767599222222, 117.05160601333334 36.647670992222224))"
G00AOI00000661MB,燕子山路32号院,3110,117.065136,36.65336,4189.623444,2018/9/6 11:45,2023/7/12 7:04,"POLYGON ((117.06544501333333 36.65373199222222, 117.06544801333334 36.65298999222222, 117.06482301333334 36.652990992222215, 117.06482501333333 36.653727992222215, 117.06544501333333 36.65373199222222))"
G00AOI000006O999,山东省吕剧院宿舍,3110,117.04938,36.654171,4108.15441,2021/9/11 18:30,2023/1/19 16:10,"POLYGON ((117.04997901333333 36.65398099222222, 117.04880501333334 36.65397099222222, 117.04881401333334 36.65437299222222, 117.04994301333333 36.654362992222225, 117.04997901333333 36.65398099222222))"
G00AOI000002LIXR,山东省民主党派办公大楼,3530,117.02541,36.647969,4014.953981,2017/6/7 15:15,2019/6/27 15:15,"POLYGON ((117.02574301333333 36.64768099222222, 117.02499401333333 36.647673992222224, 117.02501801333332 36.64793499222222, 117.02503801333333 36.64806899222222, 117.02505901333333 36.64815099222222, 117.02509501333333 36.64820899222222, 117.02518401333333 36.64824899222222, 117.02526701333333 36.64826599222222, 117.02580101333332 36.64828199222222, 117.02579201333333 36.64797099222222, 117.02574301333333 36.64768099222222))"
G00AOI000007GH7I,山师东路23号宿舍,3110,117.044439,36.647941,4001.406904,2022/7/5 14:14,2022/7/5 14:14,"POLYGON ((117.04473201333333 36.64830999222222, 117.04473601333333 36.64756499222222, 117.04415001333332 36.64757099222222, 117.04413601333334 36.64831399222222, 117.04473201333333 36.64830999222222))"
G00AOI00000687GC,山东省质量技术监督局稽查局,3520,117.037838,36.650339,3952.770305,2018/12/22 10:35,2018/12/22 10:35,"POLYGON ((117.03792901333334 36.65052499222222, 117.03839001333333 36.65052099222222, 117.0383845411111 36.65025749222222, 117.03838201333332 36.65013499222222, 117.03728201333332 36.65014599222222, 117.03729801333333 36.65052799222222, 117.03743759666666 36.65052618666667, 117.03768701333333 36.650522992222214, 117.03768701333333 36.65057999222223, 117.03792801333333 36.65058199222222, 117.03792901333334 36.65052499222222))"
G00AOI000006G7HU,泉城公园北门停车场,3840,117.020011,36.648192,3815.638577,2021/4/14 19:25,2021/4/14 19:25,"POLYGON ((117.02107601333331 36.64825799222222, 117.02107701333334 36.648106992222225, 117.02106901333335 36.64809499222222, 117.02106201333334 36.64808599222222, 117.02104101333335 36.64807999222222, 117.02043901333333 36.648081992222224, 117.02041401333334 36.648084992222216, 117.02039501333333 36.64809199222222, 117.02035701333334 36.648111992222226, 117.02032901333332 36.64811999222223, 117.02030101333334 36.64812599222222, 117.01971701333333 36.64811799222222, 117.01969801333333 36.64811499222222, 117.01968001333334 36.64810999222222, 117.01965001333333 36.648089992222225, 117.01962101333334 36.648081992222224, 117.01959201333332 36.64807599222222, 117.01902501333333 36.648067992222224, 117.01900801333333 36.64806999222222, 117.01899901333333 36.64807799222222, 117.01899401333334 36.64809099222222, 117.01899101333333 36.64827499222222, 117.01900001333333 36.64829099222222, 117.01901701333333 36.64829699222222, 117.01903601333333 36.64830099222222, 117.02103001333333 36.64828699222222, 117.02105101333333 36.64828199222222, 117.02106501333333 36.64827399222222, 117.02107601333331 36.64825799222222))"
G00AOI0000067OO9,山东中医药大学中鲁医院,3610,117.04538,36.644586,3768.062263,2018/11/27 10:55,2018/11/27 10:55,"POLYGON ((117.04578801333332 36.64483399222222, 117.04578901333333 36.644329992222225, 117.04497301333333 36.64433399222222, 117.04497401333333 36.64484013111111, 117.04497401333333 36.64484599222222, 117.04520609666666 36.64484257555556, 117.04578801333332 36.64483399222222))"
G00AOI000001W0JG,三吉花园,3110,117.060981,36.655643,3743.01132,2015/7/21 20:11,2023/7/13 16:22,"POLYGON ((117.06129601333332 36.655299992222226, 117.06079001333333 36.655294992222224, 117.06072101333334 36.65551199222222, 117.06065201333332 36.65559199222222, 117.06060301333332 36.65580599222222, 117.06059301333333 36.65585699222222, 117.06057801333334 36.65594699222222, 117.06130801333333 36.65594699222222, 117.06129601333332 36.655299992222226))"
G00AOI000001X5RV,山东工艺美院第3宿舍,3110,117.039727,36.64534,3655.926871,2015/7/21 20:11,2019/7/13 15:35,"POLYGON ((117.04004701333334 36.64503799222222, 117.03940601333332 36.64502099222222, 117.03940001333333 36.64564099222222, 117.04005701333332 36.645655992222224, 117.04004701333334 36.64503799222222))"
G00AOI000006W9GG,千佛山西路画院宿舍,3110,117.026948,36.643536,3647.667568,2021/12/3 14:20,2021/12/3 14:20,"POLYGON ((117.02734618000001 36.643315353333335, 117.02650701333332 36.64330499222223, 117.02650201333334 36.64375699222222, 117.02714093 36.64376496444444, 117.02738501333334 36.643767992222216, 117.02739701333333 36.64331599222222, 117.02734618000001 36.643315353333335))"
G00AOI000006KT5G,济南国际旅行卫生保健中心,3610,117.049384,36.654566,3619.686052,2021/7/22 16:45,2021/7/22 16:45,"POLYGON ((117.04893601333333 36.65481599222222, 117.04943201333333 36.65481499222222, 117.04944801333333 36.65481499222222, 117.04945901333333 36.65481199222222, 117.04946601333333 36.65480699222222, 117.04946701333334 36.654795992222226, 117.04947201333331 36.65471599222222, 117.04948201333333 36.654705992222226, 117.04950101333334 36.65469899222222, 117.04971201333333 36.65467899222222, 117.04976901333333 36.65467299222222, 117.04982801333334 36.654658992222224, 117.04986401333333 36.65463899222222, 117.04991001333333 36.65460999222223, 117.04994301333333 36.65457799222222, 117.04996201333333 36.65454299222222, 117.05000501333333 36.654396992222225, 117.05000501333333 36.654385992222224, 117.05000101333331 36.65437599222222, 117.04999501333333 36.65436899222222, 117.04998201333332 36.65436899222222, 117.04894701333333 36.65437599222222, 117.04892401333332 36.654379992222225, 117.04891301333332 36.65438699222222, 117.04890601333334 36.65439799222222, 117.04890501333333 36.65441499222222, 117.04890601333334 36.65477599222222, 117.04890601333334 36.65479799222222, 117.04891001333334 36.65480699222222, 117.04892001333333 36.65481299222222, 117.04893601333333 36.65481599222222))"
G00AOI000006G7GK,泉城公园东南门停车场,3840,117.023767,36.643142,3579.02662,2021/4/14 19:25,2021/4/14 19:25,"POLYGON ((117.02410801333333 36.64312899222222, 117.02410401333334 36.64309799222222, 117.02409701333333 36.643069992222216, 117.02409001333334 36.64305399222222, 117.02407801333332 36.64303799222222, 117.02380401333333 36.64285399222222, 117.02352701333332 36.64269999222222, 117.02350801333333 36.642692992222216, 117.02349001333334 36.64268799222222, 117.02346301333333 36.64269599222222, 117.02322201333332 36.642919992222225, 117.02320901333333 36.642934992222216, 117.02320401333334 36.642948992222216, 117.02320901333333 36.64296399222222, 117.02321901333335 36.642975992222226, 117.02353701333334 36.64315099222222, 117.02355901333333 36.64315299222223, 117.02357801333333 36.64314799222222, 117.02360501333334 36.64311599222222, 117.02361701333332 36.643111992222224, 117.02362901333333 36.643113992222226, 117.02396001333332 36.643375992222225, 117.02396901333333 36.64339899222222, 117.02397201333333 36.643421992222216, 117.02396801333333 36.64344999222222, 117.02395001333333 36.64347699222222, 117.02383001333332 36.643598992222216, 117.02382301333333 36.643612992222224, 117.02382801333333 36.643629992222216, 117.02384301333332 36.64366499222223, 117.02385501333333 36.64367699222222, 117.02387401333334 36.64368199222223, 117.02397001333334 36.64368799222222, 117.02398501333333 36.643694992222215, 117.02399001333332 36.64370699222222, 117.02399301333334 36.64379599222222, 117.02400101333333 36.64380599222222, 117.02401701333332 36.643808992222226, 117.02408801333333 36.64381099222222, 117.02410501333333 36.643808992222226, 117.02411401333333 36.64380199222222, 117.02411901333333 36.64378899222222, 117.02410801333333 36.64312899222222))"
G00AOI00000WS6XP,山东省杂技团宿舍,3110,117.050429,36.656125,3526.112475,2023/8/24 16:37,2023/8/24 16:37,"POLYGON ((117.05082901333333 36.65634599222222, 117.05086201333334 36.65587999222222, 117.05013701333333 36.65586799222223, 117.05012801333334 36.65610999222223, 117.04993301333333 36.65610499222222, 117.04992501333334 36.65635099222222, 117.05082901333333 36.65634599222222))"
G00AOI000006CGT6,山东省标准化研究院,3470,117.037927,36.650428,3512.378825,2020/3/16 18:45,2020/3/16 18:45,"POLYGON ((117.03793301333334 36.65021699222222, 117.03791001333333 36.650214992222224, 117.03748501333334 36.65022499222222, 117.03744601333332 36.65022799222223, 117.03743001333332 36.65023399222222, 117.03742301333334 36.650242992222225, 117.03742101333334 36.650253992222225, 117.03743759666666 36.65052618666667, 117.03743801333333 36.650532992222224, 117.03743801333333 36.650557992222225, 117.03744001333334 36.65058599222222, 117.03745001333333 36.65060199222222, 117.03747001333333 36.65060999222222, 117.03749601333334 36.65061499222222, 117.03753701333333 36.650617992222216, 117.03840501333333 36.650622992222225, 117.03843301333333 36.65061699222222, 117.03844501333334 36.65060899222222, 117.03844801333332 36.650600992222216, 117.03844801333332 36.65058799222223, 117.03844001333333 36.65029499222222, 117.03843701333334 36.65027799222222, 117.03842501333332 36.650267992222226, 117.03840701333333 36.650259992222225, 117.0383845411111 36.65025749222222, 117.03838001333332 36.65025699222222, 117.03835001333331 36.65025699222222, 117.03799601333333 36.65025699222222, 117.03798301333332 36.65025699222222, 117.03797501333332 36.650253992222225, 117.03796901333334 36.65024699222222, 117.03796401333332 36.65023599222222, 117.03794901333332 36.65022199222222, 117.03793301333334 36.65021699222222))"
G00AOI0000072KMY,济南市历下区文化东路军休所,3350,117.060788,36.652978,3491.869361,2022/1/28 13:55,2022/1/28 13:55,"POLYGON ((117.06139701333333 36.653133992222216, 117.06144801333333 36.652817992222225, 117.06069901333333 36.652809992222224, 117.06069801333332 36.65286999222222, 117.06007601333333 36.65286199222222, 117.06007901333334 36.65311199222222, 117.06139701333333 36.653133992222216))"
G00AOI000002LHPT,历山名郡C1座,3530,117.037022,36.653581,3473.530523,2017/6/6 14:51,2019/6/27 10:50,"POLYGON ((117.03735101333334 36.65393999222222, 117.03718301333333 36.65316699222222, 117.03672301333333 36.65321999222222, 117.03681801333333 36.653963992222224, 117.03735101333334 36.65393999222222))"
G00AOI00000P5WJO,路桥大厦,3530,117.062269,36.651024,3473.130072,2023/5/24 10:03,2023/5/24 10:03,"POLYGON ((117.06264001333332 36.65082399222222, 117.06207001333333 36.650709992222225, 117.06201401333333 36.65078299222222, 117.06190001333333 36.650786992222216, 117.06190101333333 36.65119799222222, 117.06216701333334 36.65132999222222, 117.06266101333333 36.651238992222225, 117.06264001333332 36.65082399222222))"
G00AOI0000062F1C,山东电视大厦,3930,117.021365,36.649008,3439.715163,2018/1/3 10:24,2018/1/3 10:24,"POLYGON ((117.02147901333333 36.64923399222222, 117.02146901333333 36.64913899222222, 117.02188501333333 36.64913899222222, 117.02189995777778 36.648817297777775, 117.02190001333332 36.64881599222222, 117.02090201333333 36.64881199222222, 117.02090229111111 36.648851047777775, 117.02090501333333 36.64924199222222, 117.02147901333333 36.64923399222222))"
G00AOI000006LSQ8,水云间(山师东路),3920,117.044455,36.657135,3350.136996,2021/8/18 17:30,2023/6/5 20:01,"POLYGON ((117.04416701333332 36.65685499222222, 117.04415401333334 36.65685499222222, 117.04414201333333 36.65685799222222, 117.04413101333333 36.65686299222222, 117.04412401333333 36.65686999222223, 117.04412301333333 36.65688399222222, 117.04412401333333 36.65737599222222, 117.04412601333333 36.65739199222222, 117.04414201333333 36.65740399222222, 117.04416201333335 36.65740999222222, 117.04473701333333 36.65741799222222, 117.04476401333334 36.65741399222222, 117.04477701333332 36.65740099222222, 117.04478301333333 36.65738799222222, 117.04478801333333 36.65688299222222, 117.04478501333332 36.65687499222222, 117.04478001333334 36.65686699222222, 117.04477201333334 36.656861992222225, 117.04476101333334 36.65685799222222, 117.04416701333332 36.65685499222222))"
G00AOI000006VZFC,自来水公司宿舍,3110,117.034733,36.654367,3310.765378,2021/12/1 17:10,2021/12/1 17:10,"POLYGON ((117.03527401333332 36.65430599222223, 117.03431901333333 36.65406599222222, 117.03423301333332 36.65444099222222, 117.03509701333333 36.65466399222222, 117.03527401333332 36.65430599222223))"
G00AOI0000066YYK,将军楼,3930,117.025263,36.647389,3284.922634,2018/10/24 10:05,2021/11/2 20:50,"POLYGON ((117.02574201333333 36.64764399222222, 117.02558001333334 36.64736399222222, 117.02552101333333 36.647372992222216, 117.02536601333333 36.647053992222226, 117.02491201333333 36.64707399222222, 117.02498101333335 36.64765299222222, 117.02571801333332 36.647664992222225, 117.02574201333333 36.64764399222222))"
G00AOI000001YJK7,舜荷苑,3110,117.035344,36.655237,3268.404029,2015/7/21 20:11,2019/7/12 13:50,"POLYGON ((117.03555301333333 36.65545799222222, 117.03555001333334 36.655324992222226, 117.03591101333333 36.65534099222222, 117.03592001333332 36.65511799222222, 117.03495501333333 36.65499799222222, 117.03490801333334 36.65502099222222, 117.03491101333333 36.65545699222222, 117.03555301333333 36.65545799222222))"
G00AOI000006460Z,大众日报社-幼儿园,3410,117.050203,36.648009,3218.183828,2018/5/18 17:28,2018/5/18 17:28,"POLYGON ((117.05056701333334 36.648168992222224, 117.05055801333333 36.64775999222223, 117.04984501333334 36.64776399222222, 117.04984601333334 36.648258992222225, 117.05050301333333 36.648255992222225, 117.05055301333333 36.64821299222222, 117.05056701333334 36.648168992222224))"
G00AOI000002GU5C,人才公寓,3110,117.048776,36.645338,3210.161155,2016/8/29 11:10,2023/7/16 5:57,"POLYGON ((117.04889001333332 36.64500999222222, 117.04849301333333 36.64500799222222, 117.04844701333333 36.64559799222222, 117.04874701333333 36.64560199222222, 117.04921501333334 36.64560199222222, 117.04921001333332 36.64554399222222, 117.04889001333332 36.64500999222222))"
G00AOI00000P53I7,山东欧曼谛时尚美业学校,3410,117.059035,36.655844,3137.770529,2023/5/20 17:47,2023/5/20 17:47,"POLYGON ((117.05952154111111 36.65578543666667, 117.05951601333334 36.65563899222222, 117.0588968188889 36.65564677, 117.05887801333334 36.65564699222222, 117.05888201333333 36.655747992222224, 117.05846401333334 36.655747992222224, 117.0584698188889 36.65600302, 117.05847001333333 36.656011992222226, 117.05953001333333 36.65600899222222, 117.05952981888889 36.65600352, 117.05952154111111 36.65578543666667))"
G00AOI0000063ZT8,铭尚商城,3920,117.038801,36.655239,3125.597727,2018/5/12 17:38,2018/5/12 17:38,"POLYGON ((117.03918348555555 36.65509699222222, 117.03835601333333 36.65509699222222, 117.03827701333333 36.655122992222225, 117.03821301333333 36.655147992222226, 117.03815501333334 36.65519999222222, 117.03820301333333 36.655387992222224, 117.03886215222222 36.65537663111111, 117.03942201333334 36.65536699222222, 117.03942201333334 36.65509699222222, 117.03918348555555 36.65509699222222))"
G00AOI00001MGAK3,山东师范大学千佛山校区排球场,3510,117.042899,36.651135,3024.542997,2024/6/15 16:11,2024/6/15 16:11,"POLYGON ((117.04315101333333 36.65081499222222, 117.04263701333333 36.65080999222222, 117.04264401333332 36.65145399222222, 117.04316301333333 36.65145799222222, 117.04315101333333 36.65081499222222))"
G00AOI0000067UFC,苏氏康复老年公寓,3350,117.044271,36.645138,2873.281718,2018/12/6 8:55,2023/7/16 19:21,"POLYGON ((117.04465501333333 36.64493499222222, 117.04388701333333 36.64492899222222, 117.04389201333332 36.64534399222222, 117.04465101333334 36.64534699222222, 117.04465501333333 36.64493499222222))"
G00AOI0000065XB4,山东省盐务局,3520,117.057259,36.655322,2830.060309,2018/9/2 13:35,2021/6/11 15:00,"POLYGON ((117.05749901333333 36.655041992222216, 117.05748901333334 36.65503999222222, 117.05700301333334 36.655041992222216, 117.05699201333333 36.655041992222216, 117.05698201333333 36.65504699222222, 117.05697901333333 36.65505799222222, 117.05698701333333 36.65558799222222, 117.05699201333333 36.65559699222222, 117.05700001333332 36.65560299222222, 117.05701001333333 36.65560499222222, 117.05750501333333 36.655603992222225, 117.05751901333333 36.65560099222222, 117.05752601333333 36.65559499222222, 117.05753001333333 36.65558499222222, 117.05752701333333 36.65549099222222, 117.05754701333333 36.65542399222222, 117.05753201333334 36.65508799222222, 117.05751901333333 36.65505999222222, 117.05751401333332 36.655051992222226, 117.05750901333333 36.65504699222222, 117.05749901333333 36.655041992222216))"
G00AOI00000610ZA,文东商场,3920,117.04348,36.655255,2783.398662,2017/11/9 17:00,2023/10/10 16:17,"POLYGON ((117.04388601333333 36.65541599222222, 117.04389201333332 36.655055992222216, 117.04310601333334 36.655060992222225, 117.04310701333333 36.65549099222222, 117.04344001333332 36.65549299222222, 117.04344201333332 36.655418992222216, 117.04388601333333 36.65541599222222))"
G00AOI000002FRNW,新航大厦,3930,117.038762,36.656606,2745.997445,2016/5/6 13:46,2019/5/18 16:30,"POLYGON ((117.03910501333331 36.65681199222222, 117.03901901333334 36.65632399222222, 117.03843601333332 36.65639299222222, 117.03842001333334 36.65641999222222, 117.03851301333333 36.65689399222222, 117.03910501333331 36.65681199222222))"
G00AOI000006J5AV,山东盐业大厦,3530,117.05726,36.655323,2710.73045,2021/6/11 15:00,2021/6/11 15:00,"POLYGON ((117.05750301333332 36.655052992222224, 117.05748601333332 36.65504699222222, 117.05700301333334 36.65504899222222, 117.05699501333334 36.65505099222222, 117.05698901333332 36.65505499222222, 117.05698601333334 36.65506399222222, 117.05699201333333 36.655581992222224, 117.05699801333333 36.655593992222215, 117.05701101333332 36.65559799222222, 117.05749501333332 36.65559999222222, 117.05750601333334 36.65559999222222, 117.05751601333333 36.655595992222224, 117.05752201333333 36.655589992222225, 117.05752601333333 36.65558099222223, 117.05752201333333 36.65549499222222, 117.05754101333333 36.65542499222222, 117.05752601333333 36.65508699222222, 117.05751801333332 36.65507399222222, 117.05751001333333 36.655060992222225, 117.05750301333332 36.655052992222224))"
G00AOI0000060MQV,山东省交通厅港航局,3520,117.026784,36.64242,2704.92846,2017/11/1 10:13,2017/11/1 10:13,"POLYGON ((117.02706801333332 36.642176992222225, 117.02649101333334 36.642163992222216, 117.02647401333334 36.64263099222222, 117.02665101333334 36.64266899222222, 117.02708001333335 36.64267699222222, 117.02708401333334 36.64222699222222, 117.02706801333332 36.642176992222225))"
G00AOI00000685Y1,济南市历下区科学院幼儿园,3490,117.046952,36.644994,2656.624053,2018/12/21 19:05,2020/12/21 23:10,"POLYGON ((117.04699476333333 36.644697047777775, 117.04671801333333 36.64469199222222, 117.04669701333333 36.64528799222222, 117.04703940222221 36.64529579777778, 117.04718001333333 36.64529899222222, 117.04721201333334 36.64470099222222, 117.04699476333333 36.644697047777775))"
G00AOI0000078SFS,齐源大厦B座,3530,117.058224,36.64968,2607.555149,2022/3/31 9:35,2022/3/31 9:35,"POLYGON ((117.05870701333333 36.64967099222222, 117.05796601333331 36.64938599222222, 117.05776701333333 36.649794992222226, 117.05798001333334 36.64984499222222, 117.05870001333332 36.64986499222222, 117.05870701333333 36.64967099222222))"
G00AOI000002L5TG,艺高学苑教育大厦,3530,117.05538,36.656148,2585.157194,2017/5/17 17:13,2019/7/17 17:10,"POLYGON ((117.05564501333333 36.65640899222222, 117.05565001333333 36.65587799222222, 117.05511201333333 36.65588799222222, 117.05511001333332 36.65641599222222, 117.05564501333333 36.65640899222222))"
G00AOI000006I7H8,警官培训学院宿舍,3110,117.055193,36.653734,2507.119298,2021/5/14 15:20,2021/5/14 15:20,"POLYGON ((117.05564401333334 36.65359299222222, 117.05563901333332 36.65358199222222, 117.05563101333333 36.65357699222223, 117.05561701333333 36.65357499222222, 117.05477801333333 36.65358899222222, 117.05475801333333 36.65358799222222, 117.05474701333334 36.65359299222222, 117.05473601333333 36.653602992222226, 117.05473501333333 36.65361799222222, 117.05473601333333 36.65385399222222, 117.05473701333332 36.65387099222222, 117.05474301333332 36.65387899222222, 117.05475601333333 36.65388699222222, 117.05477401333334 36.65388699222222, 117.05559201333332 36.65388399222222, 117.05561901333333 36.65388299222222, 117.05563601333333 36.65387799222222, 117.05564601333333 36.65386999222222, 117.05564701333333 36.65385799222222, 117.05564401333334 36.653606992222215, 117.05564401333334 36.65359299222222))"
G00AOI0000067Y9X,国曜琴岛律师楼,3530,117.05622,36.64977,2504.994177,2018/12/12 9:25,2021/9/7 16:35,"POLYGON ((117.05636601333333 36.64959499222223, 117.05636301333334 36.649521992222226, 117.05611101333334 36.64952999222223, 117.05611101333334 36.64947599222222, 117.05594701333334 36.649472992222215, 117.05593901333333 36.650003992222224, 117.05654901333332 36.650001992222215, 117.05653301333332 36.649665992222225, 117.05636601333333 36.64959499222223))"
G00AOI000006IN5Q,济南经十路智选假日酒店,3930,117.047481,36.648165,2460.393943,2021/5/20 18:25,2022/10/17 5:40,"POLYGON ((117.04729526333333 36.64800488111111, 117.04705701333333 36.64800099222222, 117.04704701333333 36.648320992222224, 117.0475677911111 36.648320381111105, 117.04791801333333 36.64831999222223, 117.04791601333334 36.648014992222215, 117.04729526333333 36.64800488111111))"
G00AOI000006BRWE,中惠泽石油加油站(燕山南站),3210,117.06488,36.650212,2417.45922,2019/12/4 18:20,2025/8/14 12:00,"POLYGON ((117.06537001333332 36.65010099222222, 117.06450501333333 36.650042992222225, 117.06434001333332 36.65024699222222, 117.06435101333334 36.65028899222222, 117.06437601333332 36.650305992222215, 117.06442301333333 36.650313992222216, 117.06532701333333 36.65038599222222, 117.06537001333332 36.65010099222222))"
G00AOI0000062VI5,爱驰精选酒店,3930,117.058181,36.648347,2410.897284,2018/2/5 17:40,2020/1/15 9:55,"POLYGON ((117.05838901333333 36.64809099222222, 117.05795101333332 36.648084992222216, 117.05793301333334 36.648089992222225, 117.05792506888889 36.64809604777778, 117.05791901333332 36.64810099222222, 117.05791843 36.64810274222222, 117.05791601333334 36.64810999222222, 117.05791401333335 36.64812999222222, 117.05792601333333 36.64854299222222, 117.05793101333335 36.648553992222226, 117.05793701333333 36.648562992222224, 117.05794901333333 36.648570992222226, 117.05795701333334 36.648576992222225, 117.05797301333332 36.64858299222222, 117.05798801333333 36.64858899222222, 117.05840101333334 36.648627992222224, 117.05841801333334 36.64862699222222, 117.05842901333332 36.64862199222222, 117.05843401333334 36.64861499222222, 117.05843801333333 36.64860699222222, 117.05844001333332 36.64858599222222, 117.05842701333333 36.64812299222222, 117.05842501333332 36.64810799222222, 117.05842101333333 36.64809999222222, 117.05841401333332 36.648095992222224, 117.05840501333333 36.64809299222222, 117.05838901333333 36.64809099222222))"
G00AOI000006GWSX,山东港航,4000,117.026782,36.642415,2406.455237,2021/4/29 21:32,2021/4/29 21:32,"POLYGON ((117.0270333188889 36.64218671444444, 117.02652806888888 36.642175325555556, 117.0265199022222 36.64217763111111, 117.02651095777777 36.64218310333333, 117.02650365222223 36.64218993666667, 117.02650031888889 36.64219635333333, 117.02648556888889 36.64260096444444, 117.02648840222223 36.64260777, 117.02649509666665 36.64261527, 117.02650356888887 36.64262154777778, 117.02651165222223 36.64262460333333, 117.02704273555555 36.64266432555556, 117.02705056888888 36.64266238111111, 117.02705918 36.64265727, 117.02706617999999 36.642650769999996, 117.02706918 36.642644686666664, 117.02706070777778 36.64220896444444, 117.02705751333335 36.64220232555555, 117.02705037444446 36.64219518666667, 117.02704154111112 36.64218935333333, 117.0270333188889 36.64218671444444))"
G00AOI00000U8DWC,济南市历下区退役军人事务局,3520,117.055378,36.656145,2385.468643,2023/8/7 16:45,2023/8/7 16:45,"POLYGON ((117.05562601333332 36.65640199222222, 117.05563901333332 36.65588399222222, 117.05512201333333 36.655893992222225, 117.05512201333333 36.65640299222222, 117.05562601333332 36.65640199222222))"
G00AOI000006A8EY,济南市环境监察支队,3520,117.038344,36.648925,2345.678372,2019/3/28 17:05,2019/3/28 17:05,"POLYGON ((117.03875723555555 36.64903327, 117.03876401333332 36.64876699222222, 117.03801243000001 36.648777575555556, 117.03791201333334 36.64877899222222, 117.03791401333334 36.64893899222222, 117.03795601333333 36.649080992222224, 117.03875601333333 36.649080992222224, 117.03875723555555 36.64903327))"
G00AOI000006I4P5,济南市政务住房公积金服务大厅,3520,117.038399,36.648863,2338.828017,2021/5/11 12:42,2021/5/11 12:42,"POLYGON ((117.03876698555554 36.64870563111111, 117.03803093 36.648686742222225, 117.0380232911111 36.64868902, 117.03801509666667 36.64869454777778, 117.03800859666666 36.64870138111111, 117.03800595777778 36.64870763111111, 117.03801243000001 36.648777575555556, 117.03803365222223 36.64900738111111, 117.03803737444444 36.649014019999996, 117.03804498555556 36.649021131111105, 117.0380541522222 36.64902685333333, 117.03806262444445 36.64902940888889, 117.03874068 36.64904052, 117.03874904111112 36.649038214444445, 117.03875723555555 36.64903327, 117.03875815222221 36.649032714444445, 117.03876501333333 36.64902646444445, 117.03876570777777 36.649025825555555, 117.03876934666667 36.64901935333334, 117.03878845777777 36.64877624222222, 117.03879226333332 36.64872793666667, 117.03878959666666 36.64872143666667, 117.03878306888888 36.64871421444444, 117.0387748188889 36.64870829777777, 117.03876698555554 36.64870563111111))"
G00AOI00000756PT,山东省千佛山医院门诊综合楼,3610,117.042202,36.647663,2336.836595,2022/2/26 9:25,2022/2/26 9:25,"POLYGON ((117.04255701333332 36.64748199222222, 117.04184401333332 36.64748099222222, 117.04185701333333 36.64784699222223, 117.04254901333334 36.64784699222223, 117.04255701333332 36.64748199222222))"
G00AOI000006WMST,山东省文化厅宿舍,3110,117.03926,36.646241,2307.576365,2021/12/7 11:00,2021/12/7 11:00,"POLYGON ((117.03957201333333 36.645998992222225, 117.03903501333332 36.645981992222225, 117.03900101333333 36.646524992222226, 117.03944001333332 36.64649699222222, 117.03957201333333 36.645998992222225))"
G00AOI00001KGTP3,山东省省级政府公物仓,3520,117.026782,36.642415,2284.518576,2024/3/20 16:13,2024/3/20 16:13,"POLYGON ((117.02703601333332 36.64219499222222, 117.02653401333335 36.64217999222222, 117.02650601333333 36.64220099222222, 117.02649401333333 36.64260299222222, 117.02651801333333 36.64261899222222, 117.02704401333332 36.64265999222222, 117.02706001333333 36.64264299222222, 117.02705401333334 36.64220699222222, 117.02703601333332 36.64219499222222))"
G00AOI0000068PP8,天马相城,4000,117.054621,36.648084,2263.608661,2019/1/26 10:30,2023/8/1 7:21,"POLYGON ((117.05488301333334 36.64781399222222, 117.05448001333333 36.64781099222222, 117.05447601333333 36.64809199222222, 117.05424601333333 36.64809699222222, 117.05424201333332 36.64830299222222, 117.05490001333334 36.64829399222222, 117.05488301333334 36.64781399222222))"
G00AOI00000618PX,千佛山小学,3410,117.046772,36.646758,2172.947456,2017/11/13 15:58,2017/11/13 15:58,"POLYGON ((117.04654201333334 36.64654479777778, 117.04648301333333 36.64654399222222, 117.04649701333334 36.64696999222222, 117.04705701333333 36.64696999222222, 117.04705690222221 36.646960964444446, 117.04705584666665 36.646870881111106, 117.04705201333334 36.646549992222226, 117.04704806888888 36.646549936666666, 117.04654201333334 36.64654479777778))"
G00AOI000007HLJ5,光谱幼儿园千佛山直营园,3410,117.043556,36.6446,2153.302602,2022/7/22 11:41,2022/7/22 11:41,"POLYGON ((117.04382701333334 36.64434599222223, 117.04377801333334 36.64428299222222, 117.04317701333333 36.64459599222222, 117.04319401333333 36.644788992222225, 117.04383501333334 36.64479899222222, 117.04382701333334 36.64434599222223))"
G00AOI000006M85W,速8酒店(济南山师文化东路店),3930,117.040128,36.655182,2141.916058,2021/8/25 20:26,2022/3/13 19:45,"POLYGON ((117.04069043 36.65532746444444, 117.04066356888889 36.65510154777778, 117.04065959666667 36.655094936666664, 117.04065184666665 36.65508790888889, 117.04064256888888 36.65508224222222, 117.04063401333333 36.65507982555555, 117.03954398555555 36.65507315888888, 117.03953612444444 36.65507557555555, 117.03952779111111 36.655081270000004, 117.03952106888887 36.65508827, 117.03951798555555 36.65509463111111, 117.03952501333333 36.65525038111111, 117.03952865222222 36.65525677, 117.03953598555556 36.655263686666665, 117.03954479111111 36.65526927, 117.03955298555556 36.655271603333325, 117.04043801333333 36.65525840888889, 117.04044604111111 36.65526079777778, 117.04045459666666 36.655266464444445, 117.04046187444445 36.65527343666667, 117.04046609666668 36.65527963111111, 117.04046792999999 36.65529160333333, 117.04046748555557 36.655307019999995, 117.04046706888889 36.655322408888885, 117.04046890222222 36.65533438111111, 117.04047318 36.65534038111111, 117.04048056888888 36.655347047777774, 117.04048912444443 36.65535254777778, 117.04049695777778 36.655355158888895, 117.04066604111111 36.655349853333334, 117.0406735411111 36.65534682555555, 117.04068151333334 36.65534088111111, 117.04068787444444 36.65533382555556, 117.04069043 36.65532746444444))"
G00AOI000006G7KK,停车场(经十一路),3840,117.033251,36.646059,2109.243886,2021/4/14 19:35,2023/2/10 19:35,"POLYGON ((117.03315801333332 36.64578899222222, 117.03312901333334 36.64578899222222, 117.03310501333333 36.64579699222222, 117.03309301333334 36.64580899222222, 117.03295601333333 36.64629899222222, 117.03295901333333 36.64630999222222, 117.03297001333333 36.646316992222225, 117.03298701333333 36.646319992222224, 117.03341601333332 36.64628499222223, 117.03343601333333 36.64627899222222, 117.03344301333334 36.64626799222222, 117.03351001333333 36.64603999222222, 117.03351201333332 36.64601399222222, 117.03351101333334 36.645987992222224, 117.03350701333333 36.645855992222224, 117.03350201333333 36.64583399222222, 117.03348301333334 36.64581999222222, 117.03345101333333 36.64581499222222, 117.03315801333332 36.64578899222222))"
G00AOI0000060KTL,完美大厦,3530,117.047478,36.64816,2094.313433,2017/10/23 19:26,2023/7/15 1:31,"POLYGON ((117.04730131888888 36.64801899222222, 117.04707101333334 36.64801899222222, 117.04706901333334 36.648297992222226, 117.04754701333334 36.64830274222222, 117.04787501333333 36.64830599222222, 117.04789101333333 36.64801899222222, 117.04730131888888 36.64801899222222))"
G00AOI000006887Z,山东师范大学千佛山校区继续教育学院,3410,117.039287,36.654295,2031.929532,2018/12/24 14:05,2023/2/23 5:55,"POLYGON ((117.03966301333334 36.65443799222222, 117.03966801333333 36.65414699222222, 117.03891901333333 36.654145992222226, 117.03891887444443 36.65416171444444, 117.03891701333333 36.654362992222225, 117.03889801333334 36.654362992222225, 117.03889701333334 36.65444799222222, 117.03914009666666 36.65444482555556, 117.03966301333334 36.65443799222222))"
G00AOI000002LX35,山东省文化和旅游厅幼儿园,3410,117.038624,36.646633,1974.674134,2017/7/4 10:37,2023/7/10 19:18,"POLYGON ((117.03897501333333 36.64646399222222, 117.03884001333333 36.64645599222222, 117.03832901333332 36.64645899222222, 117.03835001333331 36.64684699222222, 117.03835701333333 36.64686799222222, 117.03837301333333 36.64688099222222, 117.03840401333333 36.64688499222222, 117.03843901333333 36.64688699222222, 117.03895701333335 36.646688992222224, 117.03897801333333 36.64667099222223, 117.03897501333333 36.64646399222222))"
G00AOI000006XJT5,中国华能山东公司(经十路),4000,117.063055,36.649853,1973.290758,2016/8/29 11:53,2023/1/18 17:15,"POLYGON ((117.06335501333334 36.64969899222223, 117.06276201333333 36.649659992222226, 117.06272801333333 36.65001399222222, 117.06334901333334 36.650037992222224, 117.06338901333334 36.64973199222222, 117.06335501333334 36.64969899222223))"
G00AOI0000069DGV,林业厅宿舍小区,3110,117.058194,36.653607,1951.898482,2019/7/8 17:05,2021/5/6 2:55,"POLYGON ((117.05883801333333 36.65368499222222, 117.05883701333333 36.65351699222222, 117.05754001333332 36.65353099222222, 117.05755201333334 36.65369499222222, 117.05883801333333 36.65368499222222))"
G00AOI0000076CH2,济南市文化东路小学(千佛山校区),3410,117.046799,36.646752,1905.528072,2022/3/9 9:20,2022/3/9 9:20,"POLYGON ((117.04704801333334 36.64654799222222, 117.04654201333334 36.64654479777778, 117.04654501333333 36.64695399222222, 117.04705690222221 36.646960964444446, 117.04705801333333 36.64696099222222, 117.04705584666665 36.646870881111106, 117.04704806888888 36.646549936666666, 117.04704801333334 36.64654799222222))"
G00AOI000002HQ9N,鸿苑大厦,3110,117.051204,36.647512,1890.624922,2016/11/3 15:41,2019/6/14 17:35,"POLYGON ((117.05154601333334 36.64736199222222, 117.05087001333334 36.64735999222222, 117.05085801333333 36.64744299222222, 117.05085501333333 36.64749699222222, 117.05086201333334 36.64766199222222, 117.05154901333333 36.64766399222222, 117.05154601333334 36.64736199222222))"
G00AOI000006LMJ7,锦江之星品尚(济南经十路燕山立交桥店),3930,117.061034,36.649014,1887.698899,2021/8/12 16:45,2021/11/24 2:10,"POLYGON ((117.06135801333332 36.64883899222222, 117.06074301333334 36.648818992222225, 117.06073701333332 36.64910799222222, 117.06124501333332 36.649299992222225, 117.06125601333333 36.64916599222222, 117.06126101333332 36.64907799222222, 117.06128801333332 36.648995992222225, 117.06135801333332 36.64883899222222))"
G00AOI000007EUAR,丽山幼儿园,3410,117.048564,36.653107,1873.596652,2022/6/13 16:16,2022/6/13 16:16,"POLYGON ((117.04872101333332 36.65280499222222, 117.04839801333334 36.65280199222222, 117.04837401333333 36.65338099222222, 117.04878701333334 36.65339299222222, 117.04877901333333 36.653285992222216, 117.04873501333334 36.65326199222222, 117.04872101333332 36.65280499222222))"
G00AOI000002GV5L,文景轩,3110,117.044422,36.656557,1810.73949,2016/8/30 15:50,2019/7/11 11:00,"POLYGON ((117.04476301333334 36.65641299222222, 117.04408301333333 36.65640799222222, 117.04408201333332 36.65670099222222, 117.04476001333332 36.65670599222222, 117.04476301333334 36.65641299222222))"
G00AOI00000P5TJK,柏曼酒店(济南经十路燕山立交桥店),3930,117.065811,36.650252,1783.162975,2023/5/23 16:08,2023/5/23 16:08,"POLYGON ((117.06616801333332 36.65011699222222, 117.06556401333332 36.650105992222215, 117.06546601333332 36.65013099222222, 117.06543501333334 36.650371992222226, 117.06594151333333 36.65039774222222, 117.06614301333333 36.65040799222222, 117.06616629111112 36.65013718666666, 117.06616801333332 36.65011699222222))"
G00AOI000006CZON,千佛山派出所,3520,117.031819,36.647162,1758.557989,2020/5/7 10:30,2020/5/7 10:30,"POLYGON ((117.03190101333333 36.64732799222222, 117.03192501333332 36.64726699222222, 117.03207701333332 36.64730399222222, 117.03209001333333 36.64730599222222, 117.03210601333333 36.64730399222222, 117.03211501333332 36.64729799222222, 117.03212101333334 36.64728599222222, 117.03218601333333 36.64709199222222, 117.03218601333333 36.64707699222222, 117.03218301333334 36.64706199222223, 117.03217601333334 36.64705099222222, 117.03215301333333 36.647043992222216, 117.03197901333333 36.64701099222222, 117.03184501333334 36.64700999222222, 117.03153101333334 36.64701099222222, 117.03151601333333 36.64701399222223, 117.03150801333334 36.64701899222222, 117.03150601333334 36.64702799222222, 117.03149901333333 36.64729799222222, 117.03150401333335 36.647304992222224, 117.03151601333333 36.64731399222222, 117.03153001333332 36.64731799222222, 117.03154201333334 36.64731999222222, 117.03190101333333 36.64732799222222))"
G00AOI000002GJW0,金座时尚广场,3920,117.044421,36.656557,1702.535799,2016/8/3 17:15,2019/6/5 15:20,"POLYGON ((117.04475501333334 36.65641899222222, 117.04408701333334 36.65641399222223, 117.04408901333333 36.65669299222222, 117.04475001333333 36.65670299222222, 117.04475501333334 36.65641899222222))"
G00AOI000006MSJZ,锦江之星(济南经十路千佛山店),3930,117.050648,36.646167,1691.428585,2021/8/26 15:42,2021/11/24 21:10,"POLYGON ((117.05099726333333 36.646062547777774, 117.05030609666667 36.64602357555555, 117.0502978188889 36.646025603333335, 117.05028868000001 36.646030797777776, 117.05028101333333 36.64603740888889, 117.05027712444445 36.646043658888885, 117.05025906888888 36.64623440888889, 117.05026170777778 36.646241214444444, 117.05026798555556 36.64624888111111, 117.05027598555556 36.64625538111111, 117.05028381888889 36.64625860333334, 117.05094976333332 36.64632329777778, 117.05095859666666 36.64632174222223, 117.05096868 36.64631707555555, 117.05097748555555 36.646310908888886, 117.05098251333334 36.64630479777777, 117.05103756888889 36.646110297777774, 117.05103795777777 36.646101019999996, 117.05103645777778 36.64608954777778, 117.05103345777778 36.64607860333333, 117.05102934666667 36.646070797777774, 117.05102381888888 36.646067547777776, 117.05101493 36.646065075555555, 117.05100523555554 36.64606338111111, 117.05099726333333 36.646062547777774))"
G00AOI000006CIZ9,中国石油加油站(山大路),3210,117.055377,36.655689,1676.961539,2020/3/19 14:45,2021/4/28 13:50,"POLYGON ((117.05522901333333 36.65588399222222, 117.05523001333333 36.65585399222222, 117.05561301333333 36.65585399222222, 117.05562301333335 36.65585299222222, 117.05563801333334 36.65584399222222, 117.05564501333333 36.65583499222222, 117.05565001333333 36.655810992222214, 117.05565201333333 36.65554899222222, 117.05564901333332 36.655539992222224, 117.05564401333334 36.65552899222222, 117.05563601333333 36.65552399222222, 117.05561501333334 36.655516992222225, 117.05515701333333 36.65551799222222, 117.05512701333332 36.65552199222222, 117.05511601333333 36.65552999222222, 117.05511001333332 36.65554099222222, 117.05511201333333 36.655868992222224, 117.05511201333333 36.65587599222223, 117.05511801333333 36.65588299222222, 117.05522901333333 36.65588399222222))"
G00AOI00001LYIXQ,济南名泉研究会,3470,117.028728,36.645464,1659.651133,2024/5/27 11:20,2024/5/27 11:20,"POLYGON ((117.02896201333333 36.64528499222222, 117.02847501333333 36.64528499222222, 117.02846401333333 36.64563299222222, 117.02898601333332 36.64564599222222, 117.02898801333332 36.645379992222225, 117.02896201333333 36.64528499222222))"
G00AOI0000060WVU,济南市广播电视局,3520,117.025505,36.644696,1658.595399,2017/11/7 17:10,2017/11/7 17:10,"POLYGON ((117.02567001333334 36.644423992222215, 117.02533501333333 36.644423992222215, 117.02534001333333 36.64496799222222, 117.02567501333331 36.64496799222222, 117.02567001333334 36.644423992222215))"
G00AOI0000075RKC,山东省体育运动技术学院13号楼,3410,117.052661,36.656023,1653.767233,2022/3/3 16:05,2022/3/3 16:05,"POLYGON ((117.05307301333333 36.65591299222222, 117.05225001333334 36.655910992222225, 117.05225701333335 36.65613599222222, 117.05307101333332 36.656131992222214, 117.05307301333333 36.65591299222222))"
G00AOI000006GZDW,济南市历下区自然资源局,3520,117.050565,36.64689,1638.456153,2021/4/29 21:35,2022/4/24 20:55,"POLYGON ((117.05082390222223 36.64673196444445, 117.0503037911111 36.64671113111111, 117.05029342999998 36.64671293666666, 117.05028131888888 36.64671746444444, 117.05027034666668 36.64672324222222, 117.05026331888888 36.646728797777776, 117.05026123555555 36.646734797777775, 117.05026115222223 36.64674324222222, 117.05026237444444 36.646752075555554, 117.05026420777777 36.64675913111111, 117.05037856888889 36.64706168666666, 117.0503840688889 36.647068214444445, 117.05039337444444 36.647074769999996, 117.05040398555556 36.647079964444444, 117.05041337444443 36.64708227, 117.05076234666666 36.64708027, 117.05077106888888 36.64707774222222, 117.05078070777778 36.64707221444444, 117.05078884666666 36.64706529777778, 117.05079312444444 36.64705868666667, 117.0508470411111 36.64675449222222, 117.05084495777778 36.64674807555556, 117.05083904111112 36.646740825555554, 117.05083134666667 36.646734797777775, 117.05082390222223 36.64673196444445))"
G00AOI000002LGRE,泰山科技大厦(文化东路),3530,117.058679,36.655202,1618.35917,2017/6/5 13:56,2019/7/6 17:05,"POLYGON ((117.05889201333332 36.655403992222226, 117.05889101333334 36.65498499222222, 117.05849201333334 36.65498299222222, 117.05849601333334 36.65523099222222, 117.05842801333334 36.65523099222222, 117.05843701333333 36.65540499222222, 117.05889201333332 36.655403992222226))"
G00AOI0000072F5P,文东花园A座,3530,117.062866,36.654509,1611.578806,2022/1/27 11:10,2022/1/27 11:10,"POLYGON ((117.06323001333332 36.65463299222222, 117.06323701333332 36.65438699222222, 117.06248801333334 36.654393992222225, 117.06249101333333 36.65462399222222, 117.06323001333332 36.65463299222222))"
G00AOI000006401I,天安大厦,3530,117.062104,36.649929,1605.499231,2018/5/14 10:24,2018/5/14 10:24,"POLYGON ((117.06242701333333 36.64981399222222, 117.06175001333334 36.649776992222215, 117.06173201333334 36.64998199222222, 117.06197901333333 36.65000099222222, 117.06197401333331 36.65007399222222, 117.06241501333334 36.65010099222222, 117.06242701333333 36.64981399222222))"
G00AOI000002L7ER,澳利大厦,3530,117.063985,36.651106,1604.921307,2017/5/19 15:40,2019/6/27 8:55,"POLYGON ((117.06430101333333 36.65099799222222, 117.06367001333332 36.650915992222224, 117.06368268000001 36.65097277, 117.06374701333333 36.65126099222223, 117.06425901333333 36.65127299222222, 117.06429434666666 36.651041686666666, 117.06430101333333 36.65099799222222))"
G00AOI00001NJQHD,济南震华学校(历下校区),3410,117.065189,36.649922,1595.260426,2025/9/8 15:01,2025/9/8 15:01,"POLYGON ((117.06552301333333 36.64980099222222, 117.06488901333334 36.649764992222224, 117.06486901333332 36.65004399222222, 117.06540001333332 36.65008199222222, 117.06548101333333 36.650051992222224, 117.06552301333333 36.64980099222222))"
G00AOI000002LAE5,中和商务中心,3530,117.037428,36.649825,1526.8015,2017/5/24 12:43,2019/7/2 8:45,"POLYGON ((117.03758001333333 36.64955099222222, 117.03727101333332 36.649547992222224, 117.03728401333333 36.65010899222222, 117.03758001333333 36.650098992222226, 117.03758001333333 36.64955099222222))"
G00AOI0000072J9T,山东省食品公司第一宿舍,3110,117.050829,36.652637,1493.131759,2022/1/28 10:25,2022/1/28 10:25,"POLYGON ((117.05119701333332 36.652522992222224, 117.05048401333333 36.65252099222222, 117.05046001333332 36.65274799222222, 117.05116601333333 36.65275799222222, 117.05119701333332 36.652522992222224))"
G00AOI0000071SEH,澳利集团,4000,117.063984,36.651106,1407.166752,2022/1/20 17:10,2022/1/20 17:10,"POLYGON ((117.06427201333332 36.651005992222224, 117.06368701333332 36.65092799222222, 117.06369715222222 36.650974408888885, 117.06375701333333 36.651247992222224, 117.06424101333333 36.65126099222223, 117.06427301333333 36.651115992222216, 117.06427231888888 36.651039214444445, 117.06427201333332 36.651005992222224))"
G00AOI000002LIS3,金汇通,3530,117.050364,36.645622,1401.851675,2017/6/7 14:12,2019/7/2 9:20,"POLYGON ((117.05049501333335 36.64593099222222, 117.05047801333335 36.64530399222222, 117.05023501333332 36.64531099222222, 117.05024701333333 36.64593799222222, 117.05049501333335 36.64593099222222))"
G00AOI00000P58TO,历山名郡C5座,3530,117.036171,36.650122,1392.536638,2023/5/22 10:47,2023/5/22 10:47,"POLYGON ((117.03653501333332 36.65020099222222, 117.03650101333332 36.64998299222222, 117.03591301333334 36.65002799222222, 117.03585201333333 36.65007199222222, 117.03580701333333 36.65013499222222, 117.03580701333333 36.650257992222215, 117.03653501333332 36.65020099222222))"
G00AOI000006L73K,宜必思酒店(济南山东师大文化东路店),3930,117.04447,36.655349,1342.898911,2021/8/6 16:55,2021/11/25 20:10,"POLYGON ((117.04469801333332 36.655193992222216, 117.04435701333333 36.65518699222223, 117.04435701333333 36.65526399222222, 117.04420601333334 36.65526499222222, 117.04419801333334 36.65526599222222, 117.04419001333333 36.65526799222222, 117.04418501333333 36.655272992222216, 117.04418201333333 36.65527999222222, 117.04418701333333 36.65547499222222, 117.04419101333333 36.65547999222222, 117.04419601333333 36.65548499222222, 117.04420501333333 36.65548899222222, 117.04421301333333 36.655489992222215, 117.04470601333333 36.65548499222222, 117.04471401333333 36.65548299222222, 117.04472301333334 36.655477992222224, 117.04472801333333 36.65547199222222, 117.04473001333332 36.65546499222222, 117.04472301333334 36.65522799222222, 117.04472301333334 36.65521799222222, 117.04471901333334 36.65520699222222, 117.04471001333334 36.65519899222222, 117.04469801333332 36.655193992222216))"
G00AOI0000078PBH,齐源大厦A座,3530,117.057702,36.649483,1301.138238,2022/3/30 10:40,2022/3/30 10:40,"POLYGON ((117.05794301333333 36.64934999222222, 117.05761401333332 36.649224992222216, 117.05758701333333 36.64924899222222, 117.05758326333333 36.64926532555556, 117.05757601333333 36.64929699222222, 117.05755401333333 36.64940599222222, 117.05753301333333 36.649499992222225, 117.05751401333332 36.64959399222222, 117.05750901333333 36.64964499222222, 117.05753001333333 36.649685992222224, 117.05777101333334 36.649730992222224, 117.05793331888889 36.64937146444444, 117.05794301333333 36.64934999222222))"
G00AOI00001MGQVD,山东警察学院图书馆,3440,117.051774,36.65344,1293.338544,2024/6/18 10:00,2024/6/18 10:00,"POLYGON ((117.05196701333334 36.65328099222222, 117.05191701333332 36.653254992222216, 117.05158001333332 36.65325599222223, 117.05158201333333 36.65362299222222, 117.05197101333334 36.653623992222215, 117.05196701333334 36.65328099222222))"
G00AOI000006IOS4,银座佳驿酒店(济南千佛山店),3930,117.035143,36.648148,1255.068166,2021/5/22 8:50,2021/5/22 8:50,"POLYGON ((117.03539801333332 36.64802199222222, 117.03538801333333 36.64801899222222, 117.03490201333334 36.64801999222222, 117.03489001333332 36.64801999222222, 117.03488001333334 36.64802399222222, 117.03487401333334 36.64803199222222, 117.03487001333335 36.64804099222222, 117.03487001333335 36.64822999222222, 117.03487201333334 36.64824099222222, 117.03487601333333 36.648253992222216, 117.03488401333333 36.648264992222224, 117.03489701333334 36.64826999222222, 117.03491201333333 36.64827199222223, 117.03539101333332 36.64827799222222, 117.03540101333334 36.64827499222222, 117.03541001333333 36.64826999222222, 117.03541601333333 36.648262992222215, 117.03541901333332 36.648255992222225, 117.03540701333333 36.64804399222222, 117.03540701333333 36.64803599222222, 117.03540401333333 36.64802699222222, 117.03539801333332 36.64802199222222))"
G00AOI0000076M9J,山东省体育运动技术学院7号楼,3410,117.051695,36.656299,1208.998094,2022/3/10 14:10,2022/3/10 14:10,"POLYGON ((117.05210801333332 36.65621899222222, 117.05128901333333 36.65621599222222, 117.05128601333334 36.656380992222225, 117.05210701333333 36.65637799222222, 117.05210801333332 36.65621899222222))"
G00AOI000006MIB9,百事春秋快捷酒店(舜耕店),3930,117.024883,36.646086,1197.892322,2018/1/24 11:20,2021/8/25 20:43,"POLYGON ((117.02497493 36.645872464444444, 117.02496623555555 36.64587065888889, 117.02472481888888 36.645893575555554, 117.02471431888888 36.64589665888889, 117.02470223555555 36.64590213111111, 117.02469126333334 36.64590860333333, 117.02468404111112 36.64591463111111, 117.02468212444445 36.64592010333333, 117.02468209666665 36.64592771444445, 117.02468312444444 36.64593565888889, 117.02468437444445 36.64594207555555, 117.02476368 36.646279631111106, 117.0247682911111 36.64628582555556, 117.02477687444444 36.64629204777778, 117.02478681888888 36.64629682555555, 117.02479551333333 36.64629874222222, 117.0250418188889 36.64627904777778, 117.02505231888888 36.646276103333335, 117.02506443000001 36.64627074222222, 117.02507545777777 36.64626438111111, 117.02508267999998 36.64625840888889, 117.02508462444445 36.64625290888889, 117.02508468 36.64624521444444, 117.02508365222222 36.64623721444444, 117.02508234666666 36.64623071444444, 117.02499826333333 36.64588935333333, 117.02499356888887 36.64588324222222, 117.02498493 36.645877131111114, 117.02497493 36.645872464444444))"
G00AOI0000072WIS,济南市新技术研究所宿舍,3110,117.049964,36.651456,1197.840072,2022/2/8 10:00,2022/2/8 10:00,"POLYGON ((117.05026101333333 36.651565992222224, 117.05025401333334 36.65134199222222, 117.04967001333333 36.65134599222222, 117.04967001333333 36.65156999222222, 117.05026101333333 36.651565992222224))"
G00AOI000006X1DT,P停车场,3840,117.048705,36.655812,1196.238268,2021/12/9 14:25,2021/12/9 14:25,"POLYGON ((117.04872801333333 36.655299992222226, 117.04863001333332 36.65529299222222, 117.04864201333334 36.656276992222224, 117.04878301333332 36.65627599222222, 117.04877901333333 36.65551299222222, 117.04873101333334 36.65549299222222, 117.04872801333333 36.655299992222226))"
G00AOI000006LR1K,企发大厦,3530,117.059789,36.650086,1175.22824,2021/8/16 17:30,2021/8/17 15:10,"POLYGON ((117.05963401333332 36.649857992222216, 117.05961701333332 36.64985099222223, 117.05960201333332 36.64985299222222, 117.05959401333332 36.64986199222222, 117.05959070777777 36.649873908888885, 117.05958901333334 36.64987999222222, 117.05957701333332 36.650146992222226, 117.05957701333332 36.65015999222222, 117.05957901333332 36.65016699222222, 117.05959301333333 36.65017699222222, 117.05960801333333 36.65018199222222, 117.05997601333333 36.65029299222223, 117.05999601333335 36.65029499222222, 117.06000701333333 36.650290992222224, 117.06001601333332 36.65028199222222, 117.06001601333332 36.65026699222223, 117.06000801333333 36.65006399222222, 117.06000401333333 36.65004699222222, 117.05999201333333 36.65003399222222, 117.05997901333333 36.65002199222222, 117.05980267999999 36.64993815888889, 117.05963401333332 36.649857992222216))"
G00AOI000006FPT2,顺通石化第13加油站(山东大厦站),3210,117.02516,36.642183,1161.094139,2021/3/24 15:20,2023/5/27 13:23,"POLYGON ((117.02509301333332 36.64228299222222, 117.02543801333333 36.64228199222222, 117.02544701333332 36.64228199222222, 117.02546201333332 36.642277992222226, 117.02546401333332 36.64227099222222, 117.02546801333334 36.64226099222222, 117.02547001333333 36.64209999222222, 117.02547001333333 36.64209299222222, 117.02546701333334 36.64208599222223, 117.02545801333333 36.64207999222222, 117.02545201333334 36.642078992222224, 117.02484401333334 36.642078992222224, 117.02485801333331 36.64225499222223, 117.02494801333333 36.642255992222225, 117.02495101333334 36.64231499222222, 117.02508901333333 36.64231599222222, 117.02509301333332 36.64228299222222))"
G00AOI000006Y758,文东办事处社区卫生服务中心,3610,117.0446,36.646466,1159.674358,2021/12/18 9:35,2021/12/18 9:35,"POLYGON ((117.04473201333333 36.646702992222224, 117.04473801333333 36.646227992222215, 117.04445901333334 36.646237992222225, 117.04447001333332 36.64670499222222, 117.04473201333333 36.646702992222224))"
G00AOI000006J0NL,济南千佛山文化东路亚朵酒店,3930,117.059193,36.654106,1154.12265,2021/6/4 15:10,2021/6/4 15:10,"POLYGON ((117.05939401333333 36.653966992222216, 117.05900801333334 36.65396199222222, 117.05899601333333 36.653963992222224, 117.05898301333333 36.65396999222222, 117.05897001333334 36.653983992222216, 117.05896501333334 36.65399999222222, 117.05897001333334 36.65421599222222, 117.05897701333332 36.654227992222225, 117.05898601333332 36.65423499222222, 117.05899901333333 36.654241992222225, 117.05901601333333 36.65424399222222, 117.05935501333333 36.65425799222223, 117.05937301333334 36.65425799222223, 117.05939101333333 36.65425299222222, 117.05939801333334 36.65424399222222, 117.05940201333333 36.65423499222222, 117.05942401333334 36.65400699222222, 117.05942401333334 36.65399199222222, 117.05941901333333 36.653977992222224, 117.05940901333334 36.65397099222222, 117.05939401333333 36.653966992222216))"
G00AOI0000075WUJ,山东省体育运动技术学院4号楼,3410,117.052647,36.655136,1133.558579,2022/3/4 14:40,2022/3/4 14:40,"POLYGON ((117.05304301333332 36.655212992222225, 117.05304901333334 36.655052992222224, 117.05223901333332 36.65506599222222, 117.05223501333333 36.65521399222222, 117.05304301333332 36.655212992222225))"
G00AOI000006O4EE,山东省农业展览馆宿舍,3110,117.049924,36.650601,1123.242414,2021/9/10 14:35,2021/9/10 14:35,"POLYGON ((117.05022401333333 36.65050099222222, 117.04962901333334 36.65049399222222, 117.04962201333333 36.65069999222222, 117.05022201333334 36.65070799222222, 117.05022401333333 36.65050099222222))"
G00AOI000006IWPG,夫子宾舍文化精品酒店(济南千佛山店),3930,117.044535,36.648945,1103.074244,2021/6/1 15:35,2021/9/19 3:45,"POLYGON ((117.04463601333333 36.648792992222226, 117.04435001333333 36.648791992222215, 117.04434201333332 36.64879599222222, 117.04433401333333 36.64880299222222, 117.04433101333333 36.64907199222222, 117.04433301333333 36.64907999222222, 117.04433601333332 36.64908599222222, 117.04434301333333 36.64908999222222, 117.04435201333332 36.649091992222225, 117.04471001333334 36.64909499222222, 117.04472201333333 36.64909299222222, 117.04473201333333 36.64908799222222, 117.04473801333333 36.64907999222222, 117.04474301333332 36.64906899222222, 117.04474401333334 36.64885999222222, 117.04474201333333 36.648849992222225, 117.04473901333333 36.648840992222226, 117.04473101333333 36.64883499222222, 117.04472201333333 36.64882899222222, 117.04467801333334 36.648801992222225, 117.04466101333334 36.64879599222222, 117.04463601333333 36.648792992222226))"
G00AOI000006ZDPK,山东警察学院干部培训楼3,3410,117.05386,36.653239,1102.823962,2021/12/29 15:35,2021/12/29 15:35,"POLYGON ((117.05419101333332 36.65314899222222, 117.05352401333334 36.65314699222222, 117.05352701333332 36.65332899222222, 117.05419901333332 36.65332899222222, 117.05419101333332 36.65314899222222))"
G00AOI000006LRDT,燕山阳光幼儿园,3410,117.057699,36.644435,1083.916302,2018/8/3 9:40,2021/9/2 17:58,"POLYGON ((117.05784001333333 36.64422299222222, 117.05755901333333 36.644217992222224, 117.05756301333332 36.64465199222222, 117.05783401333332 36.64465199222222, 117.05784001333333 36.64422299222222))"
G00AOI000006SJWW,山东省药学会,3520,117.048216,36.646268,1075.120031,2021/11/2 12:55,2021/11/2 12:55,"POLYGON ((117.04830881888887 36.646460964444444, 117.04830801333333 36.64594699222222, 117.04812301333334 36.645947992222226, 117.04812540222221 36.64645946444445, 117.04812601333332 36.646589686666665, 117.04830901333332 36.64658899222223, 117.04830901333332 36.646588019999996, 117.04830881888887 36.646460964444444))"
G00AOI00000Y0UJ7,华视眼科,3610,117.02571,36.645258,1071.051812,2023/9/6 18:17,2023/9/6 18:17,"POLYGON ((117.02602701333332 36.64516499222222, 117.02539101333333 36.64516399222222, 117.02539901333334 36.64535199222222, 117.02602501333332 36.64534999222222, 117.02602701333332 36.64516499222222))"
G00AOI000006IRJK,银座佳驿酒店(济南经十路省中医医院千佛山风景区店),3930,117.053823,36.648165,1053.45927,2021/5/26 16:35,2022/2/19 15:50,"POLYGON ((117.05406101333332 36.64805999222222, 117.05359701333333 36.64805499222222, 117.05358101333333 36.648055992222226, 117.05357001333333 36.64805999222222, 117.05355901333333 36.64806999222222, 117.05355401333334 36.648080992222226, 117.05355301333333 36.648241992222225, 117.05355701333332 36.648255992222225, 117.05356701333332 36.64826899222222, 117.05358101333333 36.648272992222225, 117.05360101333335 36.64827399222222, 117.05406001333333 36.648270992222216, 117.05407601333333 36.64826799222222, 117.05408801333331 36.64826199222222, 117.05409401333333 36.64825099222222, 117.05409601333332 36.648236992222216, 117.05409701333333 36.64809399222222, 117.05409501333332 36.648081992222224, 117.05409001333334 36.64807199222223, 117.05407701333333 36.64806399222223, 117.05406101333332 36.64805999222222))"
G00AOI000002FSLT,泰瑞时尚酒店,3930,117.046672,36.654283,1041.468492,2016/5/7 15:50,2021/1/29 18:10,"POLYGON ((117.04680801333332 36.65410799222222, 117.04654201333334 36.65410399222222, 117.04652601333333 36.654106992222225, 117.04651801333333 36.654114992222226, 117.04651301333332 36.654120992222225, 117.04650801333334 36.654129992222224, 117.04651101333333 36.65443799222222, 117.04651501333333 36.65445099222222, 117.04652801333333 36.654458992222224, 117.04654101333333 36.65446099222222, 117.04680401333333 36.65445799222223, 117.04681301333333 36.654456992222215, 117.04682101333333 36.65445299222222, 117.04683101333333 36.65444699222222, 117.04683501333334 36.65443799222222, 117.04683601333333 36.654131992222226, 117.04683101333333 36.65412299222222, 117.04682301333332 36.65411599222222, 117.04681601333333 36.65411099222222, 117.04680801333332 36.65410799222222))"
G00AOI000007FO6L,济南聚祥宾馆,3930,117.045259,36.65267,1005.996721,2022/6/24 10:03,2022/6/24 10:03,"POLYGON ((117.04547901333332 36.652544992222225, 117.04504101333333 36.65254099222222, 117.04504101333333 36.65279399222222, 117.04547501333333 36.65279899222222, 117.04547901333332 36.652544992222225))"
G00AOI0000076AFD,济南市考古研究院,3470,117.026679,36.64473,994.647574,2022/3/8 15:45,2022/3/8 15:45,"POLYGON ((117.02675004111111 36.64462110333333, 117.02643001333334 36.64461599222222, 117.02643501333333 36.64483799222222, 117.02664981888888 36.64484063111111, 117.02692401333334 36.64484399222222, 117.02693001333333 36.64462399222222, 117.02675004111111 36.64462110333333))"
G00AOI00000P0P0D,济南普瑞眼科医院,3610,117.037445,36.6498,943.321582,2023/4/20 16:02,2023/4/20 16:02,"POLYGON ((117.03757701333335 36.64959899222222, 117.03728801333332 36.64959699222222, 117.03736601333333 36.65003399222222, 117.03755501333333 36.650028992222225, 117.03757701333335 36.64959899222222))"
G00AOI0000074VWS,山东师范大学音乐学院琴房楼,3410,117.040703,36.650783,940.654942,2022/2/23 17:10,2022/2/23 17:10,"POLYGON ((117.04122001333333 36.65081699222222, 117.04121801333334 36.65074199222222, 117.04018601333333 36.65075199222222, 117.04018701333332 36.65101599222222, 117.04033701333334 36.651013992222225, 117.04033201333333 36.65082099222222, 117.04122001333333 36.65081699222222))"
G00AOI00000PU7YF,高涞德医疗美容整形,3610,117.049761,36.646963,932.668674,2023/6/26 11:19,2023/6/26 11:19,"POLYGON ((117.04994901333335 36.64682799222222, 117.04957601333332 36.646822992222226, 117.04957401333333 36.647099992222216, 117.04994901333335 36.64709899222222, 117.04994901333335 36.64682799222222))"
G00AOI000007EDBM,城中城鲁味坊,3930,117.058635,36.652747,932.00429,2022/6/6 12:46,2022/6/6 12:46,"POLYGON ((117.05881101333333 36.652600992222226, 117.05846001333335 36.652600992222226, 117.05846001333335 36.65289299222222, 117.05880801333333 36.65289499222222, 117.05881101333333 36.652600992222226))"
G00AOI000006M8DN,银座佳驿酒店(济南舜耕路泉城公园店),3930,117.025912,36.645573,913.250157,2021/8/25 20:27,2021/11/27 8:40,"POLYGON ((117.02618648555556 36.645490631111116, 117.02563484666665 36.645488603333334, 117.02562695777777 36.645491103333335, 117.02561854111111 36.645496825555554, 117.02561167999998 36.64550382555555, 117.02560834666666 36.64551015888889, 117.02561106888888 36.64563429777778, 117.02561468 36.64564068666667, 117.02562184666667 36.64564771444444, 117.02563048555554 36.64565346444444, 117.0256385411111 36.64565602, 117.02615318 36.64565740888889, 117.02616512444445 36.64565632555556, 117.02617951333332 36.645653769999996, 117.02619317999999 36.645650186666664, 117.02620301333333 36.64564599222222, 117.02620795777777 36.64564071444445, 117.02621226333333 36.645632770000006, 117.02621540222222 36.645624214444446, 117.02621690222222 36.645617075555556, 117.02621818 36.64559327, 117.02621848555555 36.64556418666666, 117.02621729111111 36.64553538111111, 117.02621406888889 36.64551235333333, 117.02621034666666 36.645505964444446, 117.02620318 36.64549893666667, 117.02619456888888 36.64549315888889, 117.02618648555556 36.645490631111116))"
G00AOI000006HB7W,济南学林大酒店,3930,117.045813,36.654591,890.949899,2021/4/29 21:45,2023/4/1 3:55,"POLYGON ((117.04594126333333 36.65476938111111, 117.04596073555557 36.65443963111111, 117.04595787444443 36.654433492222225, 117.04595109666666 36.654426853333334, 117.04594273555556 36.65442152, 117.04593506888888 36.65441921444444, 117.04567593 36.65443079777777, 117.04566806888889 36.65443377, 117.04565968 36.65443982555555, 117.04565295777779 36.65444707555556, 117.04565001333333 36.65445363111111, 117.04566098555556 36.654685381111115, 117.04566459666665 36.65469182555556, 117.04567209666666 36.65469874222222, 117.04568101333334 36.654704631111116, 117.04568893 36.65470815888889, 117.04570276333332 36.65470965888889, 117.04572056888888 36.654709464444444, 117.04573834666665 36.65470929777778, 117.04575206888889 36.654710853333334, 117.04575901333334 36.654714464444446, 117.04576651333333 36.65472057555556, 117.04577293 36.65472752, 117.04577656888888 36.65473354777778, 117.04577670777778 36.65474163111111, 117.04577448555555 36.65475202, 117.04577226333333 36.654762381111105, 117.04577243 36.65477043666667, 117.04577604111111 36.65477632555555, 117.04578240222222 36.65478307555556, 117.04578993 36.654788881111116, 117.04579698555557 36.65479185333333, 117.04582262444444 36.65479399222222, 117.04585492999999 36.654794547777776, 117.0458872911111 36.65479360333333, 117.04591301333333 36.654791158888884, 117.04592112444445 36.65478824222222, 117.04593018 36.65478260333333, 117.04593770777778 36.65477579777777, 117.04594126333333 36.65476938111111))"
G00AOI000007DJMH,新鹏烧烤,3930,117.051456,36.655636,881.752235,2022/5/23 16:24,2022/5/23 16:24,"POLYGON ((117.05158501333334 36.65544899222222, 117.05134401333333 36.65543599222222, 117.05131501333332 36.65581999222223, 117.05158101333333 36.65582799222223, 117.05158501333334 36.65544899222222))"
G00AOI0000079Y2B,山东省科学院复式楼,3470,117.048629,36.644403,874.120912,2022/4/12 10:05,2022/4/12 10:05,"POLYGON ((117.04881801333333 36.644273992222224, 117.04844301333334 36.64427299222222, 117.04844901333334 36.644537992222226, 117.04881001333334 36.64453099222222, 117.04881801333333 36.644273992222224))"
G00AOI000006CL00,顺通石化加油站(千佛山站),3210,117.033662,36.645998,858.530625,2020/3/25 14:25,2022/3/14 0:15,"POLYGON ((117.03376001333332 36.64615999222222, 117.03377901333333 36.64594399222222, 117.03385401333333 36.64594399222222, 117.03386301333333 36.64584299222222, 117.03355901333332 36.645829992222225, 117.03354801333333 36.64583399222222, 117.03354401333331 36.645838992222224, 117.03353901333334 36.64584299222222, 117.03353501333333 36.645855992222224, 117.03352201333334 36.64603099222222, 117.03350101333334 36.64614099222222, 117.03350101333334 36.64614899222222, 117.03350101333334 36.64615499222222, 117.03350501333334 36.64616199222222, 117.03351201333332 36.64616599222222, 117.03352201333334 36.64616999222222, 117.03371001333333 36.64618599222222, 117.03373201333332 36.64618599222222, 117.03374901333332 36.64617799222222, 117.03376001333332 36.64615999222222))"
G00AOI000002LXDE,山东省纺织幼儿园,3410,117.050518,36.65346,826.835835,2017/7/4 14:05,2024/4/18 11:10,"POLYGON ((117.05070601333334 36.65333699222222, 117.05036801333333 36.65333199222222, 117.05029901333333 36.65358099222222, 117.05070401333334 36.65357699222223, 117.05070601333334 36.65333699222222))"
G00AOI000006ORZW,济南二轻销售公司宿舍,3110,117.049952,36.651169,826.157799,2021/9/17 16:00,2021/9/17 16:00,"POLYGON ((117.05027201333333 36.65123699222222, 117.05026901333333 36.651095992222224, 117.04963701333334 36.65109799222222, 117.04963901333333 36.65124399222222, 117.05027201333333 36.65123699222222))"
G00AOI0000063XX2,山东大学临床医学院,3410,117.046775,36.647068,813.780221,2018/5/9 14:00,2018/5/9 14:00,"POLYGON ((117.04702601333334 36.646978992222216, 117.04652801333333 36.64697799222222, 117.04652201333332 36.647156992222214, 117.04702301333333 36.647157992222226, 117.04702601333334 36.646978992222216))"
G00AOI000007AW6Z,山东警察学院办公楼,3410,117.052165,36.653925,805.015804,2022/4/20 9:00,2022/4/20 9:00,"POLYGON ((117.05239801333333 36.654019992222224, 117.05239901333333 36.65382999222222, 117.05193101333333 36.65383099222222, 117.05193001333333 36.65401899222222, 117.05239801333333 36.654019992222224))"
G00AOI0000075DZF,山东通信技术学院培训楼,3410,117.050077,36.649064,800.310505,2022/3/1 10:50,2022/3/1 10:50,"POLYGON ((117.05050001333333 36.64903099222222, 117.05047601333334 36.64901099222222, 117.04965201333333 36.64901199222222, 117.04965101333333 36.64911199222222, 117.05047701333332 36.64912099222222, 117.05050001333333 36.64903099222222))"
G00AOI000006D0LF,中国农业银行(济南开元支行),4000,117.05437,36.648954,782.790772,2020/5/8 18:40,2020/5/8 18:40,"POLYGON ((117.05446401333333 36.648810992222224, 117.05426101333332 36.64879799222222, 117.05424901333333 36.648799992222216, 117.05424001333333 36.648801992222225, 117.05423301333332 36.64880899222222, 117.05423101333332 36.64881699222222, 117.05422801333334 36.64883399222222, 117.05422723555556 36.648882075555555, 117.05422401333333 36.649083992222224, 117.05422701333333 36.64909299222222, 117.05423201333333 36.64909999222222, 117.05424401333332 36.64910199222222, 117.05425501333333 36.64910299222222, 117.05447701333333 36.649103992222216, 117.05448801333334 36.64910199222222, 117.05449901333334 36.64909899222222, 117.05450601333332 36.64909299222222, 117.05451401333333 36.64907799222222, 117.05451870777777 36.648888992222226, 117.05452001333333 36.648835992222224, 117.05451601333334 36.648824992222224, 117.05450801333333 36.64881799222223, 117.05449101333333 36.64881399222222, 117.05446401333333 36.648810992222224))"
G00AOI0000066NAO,红色写字楼,3530,117.042122,36.656882,767.209586,2018/10/10 9:50,2018/10/10 9:50,"POLYGON ((117.04234401333333 36.65680099222222, 117.04191501333332 36.65676799222222, 117.04190001333333 36.65696399222222, 117.04233101333332 36.65699499222222, 117.04234401333333 36.65680099222222))"
G00AOI000006BWMK,济南市历下区市场监督管理局,3520,117.064381,36.65585,766.718123,2019/12/19 16:40,2024/1/26 15:42,"POLYGON ((117.06452101333332 36.65599999222222, 117.06452701333333 36.65570199222222, 117.06424101333333 36.65570399222222, 117.06423401333333 36.65599399222222, 117.06452101333332 36.65599999222222))"
G00AOI000006E7NW,济南耕读精品酒店,3930,117.051669,36.650337,760.438323,2020/10/23 17:05,2022/2/22 12:05,"POLYGON ((117.05182101333332 36.65019399222222, 117.05155101333334 36.65017499222222, 117.05151601333333 36.65048099222222, 117.05179001333335 36.65049799222222, 117.05182101333332 36.65019399222222))"
G00AOI000006C4NQ,中胜石油加油站,3210,117.055141,36.648161,715.901796,2020/1/11 11:30,2021/3/12 18:55,"POLYGON ((117.05530601333332 36.64823899222222, 117.05530301333334 36.64803499222222, 117.05500801333334 36.64804499222222, 117.05499501333333 36.648045992222215, 117.05498701333333 36.648050992222224, 117.05497701333333 36.64805999222222, 117.05497301333334 36.64807199222223, 117.05497901333332 36.64825799222222, 117.05498401333332 36.64826999222222, 117.05499301333333 36.64827799222222, 117.05500701333332 36.64828399222222, 117.05502301333333 36.64828599222222, 117.05527701333334 36.64827699222222, 117.05529401333334 36.648272992222225, 117.05530201333332 36.64826799222222, 117.05530601333332 36.64826199222222, 117.05530601333332 36.64825199222222, 117.05530601333332 36.64823899222222))"
G00AOI0000060U7J,坤乾宾馆,3930,117.061512,36.654608,705.622036,2017/11/11 13:37,2017/11/11 13:37,"POLYGON ((117.06164601333333 36.65446099222222, 117.06138601333333 36.654456992222215, 117.06137801333334 36.65475599222222, 117.06164001333333 36.65475599222222, 117.06164601333333 36.65446099222222))"
G00AOI0000075RNL,山东青年政治学院西校区5号楼,3410,117.048679,36.650031,671.064931,2022/3/3 16:10,2022/3/3 16:10,"POLYGON ((117.04890801333335 36.650115992222226, 117.04890001333334 36.649946992222226, 117.04844601333332 36.649953992222216, 117.04844601333332 36.65010699222223, 117.04890801333335 36.650115992222226))"
G00AOI000006DCLG,中惠泽石油燕山北加油站(经十路北),3210,117.064472,36.651141,645.431514,2020/6/4 15:25,2022/1/14 21:25,"POLYGON ((117.06458201333334 36.65102899222222, 117.06435101333334 36.65101499222222, 117.06433901333334 36.65101899222222, 117.06433401333334 36.651021992222226, 117.06432801333334 36.651030992222225, 117.06432601333334 36.65104099222222, 117.06432576333333 36.651045214444444, 117.06431501333333 36.65122899222222, 117.06431901333333 36.65124199222222, 117.06432401333333 36.65124899222222, 117.06433601333333 36.651252992222226, 117.06435001333332 36.65125599222222, 117.06460301333334 36.65125499222222, 117.06461901333333 36.65125199222222, 117.06462601333332 36.651247992222224, 117.06463001333333 36.65124099222222, 117.06463301333334 36.65123299222222, 117.06462656888888 36.65107910333333, 117.06462601333332 36.65106599222222, 117.06461701333332 36.65104999222222, 117.06461101333332 36.651042992222216, 117.06459701333334 36.65103399222222, 117.06458201333334 36.65102899222222))"
G00AOI0000074WMD,山东青年政治学院西校区2号楼,3410,117.048685,36.650311,639.138062,2022/2/24 8:55,2022/2/24 8:55,"POLYGON ((117.04891001333334 36.65023799222222, 117.04846001333334 36.65022699222222, 117.04846601333334 36.65038599222222, 117.04890501333333 36.650394992222225, 117.04891001333334 36.65023799222222))"
G00AOI000007FGW6,济南市公安局交通警察支队历下区大队二中队,3520,117.032351,36.646259,627.725208,2022/6/22 9:04,2022/6/22 9:04,"POLYGON ((117.03250501333333 36.64608699222222, 117.03234401333333 36.64604399222222, 117.03219701333333 36.64643099222222, 117.03236001333333 36.64647399222222, 117.03250501333333 36.64608699222222))"
G00AOI0000077X0Z,山东师范大学西苑办公楼,3410,117.039666,36.653822,602.988255,2022/3/22 14:10,2022/3/22 14:10,"POLYGON ((117.03971901333333 36.653504992222224, 117.03961701333331 36.653504992222224, 117.03961001333333 36.65413299222222, 117.03971901333333 36.65413299222222, 117.03971901333333 36.653504992222224))"
G00AOI000006BYON,文化东路派出所,3520,117.054312,36.650149,552.890919,2019/12/25 13:45,2019/12/25 13:45,"POLYGON ((117.05446701333334 36.65009199222222, 117.05422401333333 36.650020992222224, 117.05421001333333 36.65002199222222, 117.05420101333331 36.650023992222216, 117.05419401333334 36.650028992222225, 117.05418801333333 36.650037992222224, 117.05414201333333 36.65014299222222, 117.05413901333333 36.65016899222222, 117.05414201333333 36.65018199222222, 117.05414601333332 36.650194992222225, 117.05415701333334 36.65020499222222, 117.05416801333334 36.65020899222222, 117.05440001333334 36.650276992222224, 117.05441201333333 36.65027799222222, 117.05442201333334 36.65027499222222, 117.05442901333333 36.65026899222222, 117.05443401333332 36.650262992222224, 117.05449101333333 36.65012099222222, 117.05448901333332 36.65010899222222, 117.05448501333332 36.65010399222222, 117.05447601333333 36.65009599222222, 117.05446701333334 36.65009199222222))"
G00AOI0000071JVP,山东师范大学幼儿园,3410,117.043665,36.65645,546.342635,2022/1/19 8:25,2022/1/19 8:25,"POLYGON ((117.04389901333333 36.65638499222222, 117.04343401333334 36.65638499222222, 117.04343701333333 36.656518992222225, 117.04389901333333 36.656509992222226, 117.04389901333333 36.65638499222222))"
G00AOI000006ZR8R,耕读文化精品酒店(千佛山医院山师店),3930,117.051658,36.650323,503.608138,2022/1/4 17:15,2022/1/4 17:15,"POLYGON ((117.05176801333333 36.650197992222225, 117.05156501333333 36.650186992222224, 117.05153701333332 36.65044199222222, 117.05176201333335 36.650457992222215, 117.05176801333333 36.650197992222225))"
G00AOI000006AT5K,山东省司法厅人民群众来访接待室,3520,117.055448,36.650538,477.865507,2019/4/12 12:10,2019/4/12 12:10,"POLYGON ((117.05560801333334 36.65045899222222, 117.05528101333333 36.65045499222222, 117.05527101333334 36.650569992222216, 117.05539701333335 36.65062399222222, 117.05560001333333 36.65063199222222, 117.05560801333334 36.65045899222222))"
G00AOI0000063RL0,金钻商城,3920,117.044703,36.655711,436.200396,2018/4/14 16:42,2018/4/14 16:42,"POLYGON ((117.04482301333334 36.65561199222223, 117.04458801333334 36.65560599222222, 117.04458301333332 36.65580999222222, 117.04482001333332 36.65581399222222, 117.04482301333334 36.65561199222223))"
G00AOI000006CC61,中国石化自然资源局加油站(济南历高75),3210,117.050688,36.647206,419.822859,2020/2/27 9:25,2022/12/13 0:20,"POLYGON ((117.05079901333332 36.64711399222222, 117.05053401333333 36.64711199222222, 117.05052201333334 36.64711799222223, 117.05051701333333 36.64712999222222, 117.05051701333333 36.647141992222224, 117.05052701333334 36.64715599222222, 117.05067101333333 36.647316992222216, 117.05067701333333 36.64732299222222, 117.05068401333332 36.647325992222214, 117.05069501333332 36.64732899222222, 117.05070501333333 36.64732899222222, 117.05080601333333 36.64732399222222, 117.05079901333332 36.64711399222222))"
G00AOI000006IP77,尚客优酒店(济南经十路千佛山医院店),3930,117.052591,36.648208,354.594845,2021/5/22 20:00,2023/7/13 14:14,"POLYGON ((117.05271601333332 36.648137992222225, 117.05247301333333 36.64813499222222, 117.05245901333333 36.64813899222222, 117.05245301333333 36.64814799222222, 117.05245401333332 36.64826099222222, 117.05246001333333 36.64827499222222, 117.05247701333333 36.64827999222222, 117.05271201333333 36.64827799222222, 117.05272601333334 36.64826999222222, 117.05272901333333 36.64825799222222, 117.05273001333333 36.64815799222222, 117.05272601333334 36.64814499222222, 117.05271601333332 36.648137992222225))"
G00AOI000006VP3G,济南舜恒宾馆,3930,117.024928,36.642369,335.605275,2021/11/29 16:45,2021/11/29 16:45,"POLYGON ((117.02491401333333 36.64232299222222, 117.02491401333333 36.64226499222222, 117.02481301333333 36.64226699222222, 117.02481101333333 36.642445992222214, 117.02507301333333 36.64243999222222, 117.02507001333333 36.64232399222222, 117.02491401333333 36.64232299222222))"
G00AOI000006ITAU,巴伦蓓时尚酒店(济南千佛山店),3930,117.038018,36.645915,332.069474,2021/5/27 17:25,2022/2/20 0:50,"POLYGON ((117.03815001333332 36.645993992222216, 117.03814901333332 36.64586499222222, 117.03814501333333 36.64585499222222, 117.03813301333334 36.64584999222222, 117.03787001333332 36.64584599222222, 117.03787301333334 36.64592799222222, 117.03790301333333 36.64592999222222, 117.03790701333332 36.64598399222222, 117.03805701333334 36.64598099222223, 117.03806001333332 36.64599299222222, 117.03815001333332 36.645993992222216))"
G00AOI000007CO6J,环山社区卫生服务站,3610,117.052,36.644095,318.435937,2022/5/12 9:55,2022/5/12 9:55,"POLYGON ((117.05213001333333 36.64403299222222, 117.05196401333333 36.643977992222226, 117.05186801333333 36.64416599222222, 117.05204101333334 36.64420599222222, 117.05213001333333 36.64403299222222))"
G00AOI000006IY8L,统一银座(山大望燕店),3920,117.055456,36.651121,313.434849,2021/6/2 18:40,2021/10/23 11:40,"POLYGON ((117.05561301333333 36.65107299222222, 117.05530601333332 36.65106799222222, 117.05529501333334 36.651069992222226, 117.05528801333334 36.65107599222222, 117.05528601333334 36.65108399222222, 117.05528601333334 36.65115399222222, 117.05529001333333 36.65116299222222, 117.05529801333333 36.65116699222222, 117.05530501333334 36.65116999222222, 117.05561101333332 36.651174992222224, 117.05562201333332 36.65116999222222, 117.05562401333333 36.651163992222216, 117.05562601333332 36.65115399222222, 117.05562701333334 36.651086992222226, 117.05562301333335 36.651078992222224, 117.05562001333332 36.651073992222216, 117.05561301333333 36.65107299222222))"
G00AOI000007E6GD,旗丰实业开发有限公司,4000,117.058065,36.646177,301.880927,2022/6/1 15:13,2022/6/1 15:13,"POLYGON ((117.05811201333333 36.64609099222222, 117.05800401333333 36.64608199222222, 117.05796001333333 36.646125992222224, 117.05794701333332 36.646172992222226, 117.05801401333333 36.646266992222216, 117.05816801333333 36.64626499222222, 117.05816501333332 36.64613799222222, 117.05811201333333 36.64609099222222))"
G00AOI000006CPCJ,科院路派出所,3520,117.048191,36.646524,284.120013,2020/4/8 20:20,2020/4/8 20:20,"POLYGON ((117.04812540222221 36.64645946444445, 117.04806901333333 36.64645899222222, 117.04807301333332 36.646589992222225, 117.04812601333332 36.646589686666665, 117.04830901333332 36.646588019999996, 117.04831301333334 36.646587992222216, 117.04831301333334 36.646460992222224, 117.04830881888887 36.646460964444444, 117.04812540222221 36.64645946444445))"
G00AOI000006Q0VW,历下区千佛山街道千佛山东路社区,3520,117.040402,36.646194,158.332881,2021/10/8 16:45,2021/10/8 16:45,"POLYGON ((117.04048601333334 36.646229992222224, 117.04042301333332 36.64609999222222, 117.04031601333334 36.64615799222222, 117.04038601333333 36.64628899222222, 117.04048601333334 36.646229992222224))"
